Air Quality Station Name,Year,Air Pollutant,value,Longitude,Latitude
NA,2001,PM10,25.55,-9.0494,53.2819
Dublin Phoenix Park Ordnance Survey Road,2001,PM10,17.707,-6.349,53.3644
Dublin Winetavern Street,2001,PM10,28.151,-6.2889,53.3417
NA,2001,PM10,26.554,-6.2667,53.3472
Dublin Marino Brian Road,2001,PM10,23.057,-6.2279,53.3682
NA,2001,PM10,26.039,-8.475,51.9
Dublin Rathmines Wynnefield Road,2002,PM10,19.018,-6.2781,53.3539
Dublin Phoenix Park Ordnance Survey Road,2002,PM10,15.181,-6.349,53.3644
Cork Ballinlough Heatherton Park,2002,PM10,21.307,-8.4571,51.8819
NA,2002,PM10,37.197,-6.25,53.33
Dublin Winetavern Street,2002,PM10,22.939,-6.2889,53.3417
NA,2002,PM10,20.633,-6.2667,53.3472
NA,2002,PM10,23.529,-8.475,51.9
Dublin Marino Brian Road,2002,PM10,23.549,-6.2279,53.3682
NA,2003,PM10,26.693,-9.0494,53.2819
NA,2003,PM10,40.343,-6.25,53.33
Dublin Rathmines Wynnefield Road,2003,PM10,23.394,-6.2781,53.3539
NA,2003,PM10,28.505,-6.2667,53.3472
Dublin Winetavern Street,2003,PM10,25.651,-6.2889,53.3417
NA,2003,PM10,25.674,-8.475,51.9
Dublin Phoenix Park Ordnance Survey Road,2003,PM10,13.883,-6.349,53.3644
Cork Ballinlough Heatherton Park,2003,PM10,20.546,-8.4571,51.8819
Dublin Ballyfermot Library,2003,PM10,18.794,-6.3523,53.3405
Dublin Marino Brian Road,2003,PM10,23.24,-6.2279,53.3682
NA,2004,PM10,25.63,-7.477,52.9983
NA,2004,PM10,16.693,-6.9219,52.8336
NA,2004,PM10,17.33,-6.66,53.2197
NA,2004,PM10,16.522,-9.6892,52.2708
Dublin Marino Brian Road,2004,PM10,14.263,-6.2279,53.3682
Cork Ballinlough Heatherton Park,2004,PM10,18.671,-8.4571,51.8819
NA,2004,PM10,31.18,-6.25,53.33
Dublin Rathmines Wynnefield Road,2004,PM10,16.794,-6.2781,53.3539
Dublin Phoenix Park Ordnance Survey Road,2004,PM10,12.25,-6.349,53.3644
NA,2004,PM10,20.262,-6.2667,53.3472
Dublin Ballyfermot Library,2004,PM10,14.314,-6.3523,53.3405
Dublin Winetavern Street,2004,PM10,20.075,-6.2889,53.3417
NA,2004,PM10,22.053,-8.475,51.9
NA,2004,PM10,20.157,-7.6958,52.3561
NA,2005,PM10,23.431,-6.4675,52.3411
Mayo Castlebar John Moore Road,2005,PM10,15.549,-9.2997,53.8511
NA,2005,PM10,12.757,-7.2592,52.6494
NA,2005,PM10,20.275,-6.2667,53.3472
NA,2005,PM10,19.185,-8.475,51.9
Dublin Rathmines Wynnefield Road,2005,PM10,18.929,-6.2781,53.3539
Dublin Phoenix Park Ordnance Survey Road,2005,PM10,12.124,-6.349,53.3644
Cork Ballinlough Heatherton Park,2005,PM10,17.271,-8.4571,51.8819
Dublin Winetavern Street,2005,PM10,19.27,-6.2889,53.3417
Dublin Ballyfermot Library,2005,PM10,15.063,-6.3523,53.3405
NA,2005,PM10,18.801,-9.0494,53.2819
Dublin Marino Brian Road,2005,PM10,14.315,-6.2279,53.3682
NA,2005,PM10,16.611,-7.477,52.9983
NA,2005,PM10,16.758,-6.3158,53.7
NA,2006,PM10,32.022,-6.4675,52.3411
NA,2006,PM10,19.384,-6.3158,53.7
NA,2006,PM10,22.667,-6.112,53.1997
Monaghan Kilkitt Waterworks,2006,PM10,10.162,-6.8831,54.0661
NA,2006,PM10,15.886,-8.475,51.9
Dublin Rathmines Wynnefield Road,2006,PM10,19.291,-6.2781,53.3539
Galway City Bodkin Roundabout,2006,PM10,13.344,-9.0492,53.2817
Dublin Marino Brian Road,2006,PM10,15.567,-6.2279,53.3682
Cork Ballinlough Heatherton Park,2006,PM10,18.089,-8.4571,51.8819
Dublin Winetavern Street,2006,PM10,19.966,-6.2889,53.3417
Mayo Castlebar John Moore Road,2006,PM10,16.17,-9.2997,53.8511
NA,2006,PM10,23.431,-9.0494,53.2819
Dublin Ballyfermot Library,2006,PM10,17.181,-6.3523,53.3405
NA,2006,PM10,21.178,-6.2667,53.3472
Dublin Phoenix Park Ordnance Survey Road,2006,PM10,13.52,-6.349,53.3644
NA,2006,PM10,16.528,-7.8297,53.2675
NA,2006,PM10,25.124,-8.9989,52.8431
NA,2007,PM10,20.496,-7.8297,53.2675
NA,2007,PM10,17.239,-8.3944,51.8422
NA,2007,PM10,18.366,-6.3194,53.7314
NA,2007,PM10,36.061,-8.9989,52.8431
Mayo Castlebar John Moore Road,2007,PM10,14.331,-9.2997,53.8511
Monaghan Kilkitt Waterworks,2007,PM10,10.095,-6.8831,54.0661
Dublin Winetavern Street,2007,PM10,18.301,-6.2889,53.3417
Dublin Marino Brian Road,2007,PM10,13.411,-6.2279,53.3682
Cork Ballinlough Heatherton Park,2007,PM10,16.669,-8.4571,51.8819
NA,2007,PM10,24.55,-7.1061,52.2597
Dublin Phoenix Park Ordnance Survey Road,2007,PM10,11.715,-6.349,53.3644
NA,2007,PM10,18.426,-6.2667,53.3472
NA,2007,PM10,14.527,-8.475,51.9
Dublin Ballyfermot Library,2007,PM10,14.824,-6.3523,53.3405
Dublin Rathmines Wynnefield Road,2007,PM10,18.618,-6.2781,53.3539
NA,2007,PM10,22.125,-6.6875,53.6586
Galway City Bodkin Roundabout,2007,PM10,15.886,-9.0492,53.2817
Dublin Blanchardstown River Road,2008,PM10,16.643,-6.3699,53.3856
NA,2008,PM10,17.02,-6.2661,53.2519
Dublin Dun Laoghaire The Glen,2008,PM10,15.076,-6.1319,53.2858
Dublin Tallaght Old Bawn Road,2008,PM10,13.187,-6.3588,53.2805
NA,2008,PM10,17.103,-6.3194,53.7314
NA,2008,PM10,19.789,-7.738,54.9589
Mayo Castlebar John Moore Road,2008,PM10,15.59,-9.2997,53.8511
Dublin Winetavern Street,2008,PM10,17.504,-6.2889,53.3417
Dublin Ballyfermot Library,2008,PM10,11.637,-6.3523,53.3405
Dublin Rathmines Wynnefield Road,2008,PM10,16.908,-6.2781,53.3539
Dublin Phoenix Park Ordnance Survey Road,2008,PM10,10.75,-6.349,53.3644
NA,2008,PM10,18.556,-6.2667,53.3472
Dublin Marino Brian Road,2008,PM10,12.621,-6.2279,53.3682
Monaghan Kilkitt Waterworks,2008,PM10,10.074,-6.8831,54.0661
Cork Ballinlough Heatherton Park,2008,PM10,14.886,-8.4571,51.8819
NA,2008,PM10,15.606,-8.475,51.9
Galway City Bodkin Roundabout,2008,PM10,17.741,-9.0492,53.2817
Dublin Tallaght Old Bawn Road,2009,PM10,11.544,-6.3588,53.2805
Dublin Blanchardstown River Road,2009,PM10,19.728,-6.3699,53.3856
NA,2009,PM10,16.006,-7.738,54.9589
NA,2009,PM10,13.578,-6.7958,53.1894
Clare Ennis Simms Lane,2009,PM10,15.748,-8.5919,52.5035
NA,2009,PM10,19.177,-6.3194,53.7314
Monaghan Kilkitt Waterworks,2009,PM10,7.552,-6.8831,54.0661
Dublin Winetavern Street,2009,PM10,17.286,-6.2889,53.3417
Dublin Phoenix Park Ordnance Survey Road,2009,PM10,10.186,-6.349,53.3644
Dublin Ballyfermot Library,2009,PM10,12.439,-6.3523,53.3405
Galway City Bodkin Roundabout,2009,PM10,13.961,-9.0492,53.2817
NA,2009,PM10,14.404,-6.2142,53.3415
Mayo Castlebar John Moore Road,2009,PM10,13.194,-9.2997,53.8511
NA,2009,PM10,18.166,-8.475,51.9
Dublin Rathmines Wynnefield Road,2009,PM10,14.74,-6.2781,53.3539
Dublin Dun Laoghaire The Glen,2009,PM10,15.363,-6.1319,53.2858
Cork Ballinlough Heatherton Park,2009,PM10,14.988,-8.4571,51.8819
Dublin Dun Laoghaire The Glen,2010,PM10,15.466,-6.1319,53.2858
Wicklow Bray Wurzburg Road,2010,PM10,12.725,-6.1217,53.1872
Dublin Tallaght Old Bawn Road,2010,PM10,11.788,-6.3588,53.2805
NA,2010,PM10,17.533,-6.3239,53.2014
Mayo Castlebar John Moore Road,2010,PM10,15.476,-9.2997,53.8511
Monaghan Kilkitt Waterworks,2010,PM10,9.545,-6.8831,54.0661
NA,2010,PM10,19.866,-6.7958,53.1894
NA,2010,PM10,22.181,-8.475,51.9
Cork Ballinlough Heatherton Park,2010,PM10,17.835,-8.4571,51.8819
Dublin Winetavern Street,2010,PM10,18.548,-6.2889,53.3417
Galway City Bodkin Roundabout,2010,PM10,16.354,-9.0492,53.2817
Dublin Phoenix Park Ordnance Survey Road,2010,PM10,11.093,-6.349,53.3644
NA,2010,PM10,23.102,-6.2142,53.3415
Clare Ennis Simms Lane,2010,PM10,27.493,-8.5919,52.5035
Dublin Ballyfermot Library,2010,PM10,12.537,-6.3523,53.3405
Dublin Rathmines Wynnefield Road,2010,PM10,18.134,-6.2781,53.3539
Dublin Dun Laoghaire The Glen,2011,PM10,14.778,-6.1319,53.2858
NA,2011,PM10,23.599,-6.3239,53.2014
NA,2011,PM10,11.341,-8.8778,52.7063
Clare Ennis Simms Lane,2011,PM10,21.188,-8.5919,52.5035
Mayo Castlebar John Moore Road,2011,PM10,14.327,-9.2997,53.8511
Mayo Claremorris,2011,PM10,11.518,-9.0127,53.7039
Dublin Tallaght Old Bawn Road,2011,PM10,13.218,-6.3588,53.2805
Monaghan Kilkitt Waterworks,2011,PM10,9.409,-6.8831,54.0661
NA,2011,PM10,20.645,-8.475,51.9
Galway City Bodkin Roundabout,2011,PM10,17.12,-9.0492,53.2817
Dublin Winetavern Street,2011,PM10,14.427,-6.2889,53.3417
Dublin Phoenix Park Ordnance Survey Road,2011,PM10,11.99,-6.349,53.3644
Cork Ballinlough Heatherton Park,2011,PM10,16.649,-8.4571,51.8819
Dublin Rathmines Wynnefield Road,2011,PM10,16.06,-6.2781,53.3539
Wicklow Bray Wurzburg Road,2011,PM10,12.599,-6.1217,53.1872
NA,2011,PM10,19.705,-6.2142,53.3415
Dublin Blanchardstown River Road,2011,PM10,15.926,-6.3699,53.3856
Clare Ennis Simms Lane,2012,PM10,19.204,-8.5919,52.5035
NA,2012,PM10,16.404,-7.3511,53.5167
Dublin Dun Laoghaire The Glen,2012,PM10,12.213,-6.1319,53.2858
Mayo Castlebar John Moore Road,2012,PM10,11.917,-9.2997,53.8511
Wicklow Bray Wurzburg Road,2012,PM10,16.712,-6.1217,53.1872
Monaghan Kilkitt Waterworks,2012,PM10,8.81,-6.8831,54.0661
Dublin Winetavern Street,2012,PM10,12.642,-6.2889,53.3417
Dublin Phoenix Park Ordnance Survey Road,2012,PM10,11.023,-6.349,53.3644
NA,2012,PM10,17.011,-8.475,51.9
Dublin Rathmines Wynnefield Road,2012,PM10,14.206,-6.2781,53.3539
NA,2012,PM10,20.254,-6.2142,53.3415
Mayo Claremorris,2012,PM10,10.355,-9.0127,53.7039
Cork Ballinlough Heatherton Park,2012,PM10,13.277,-8.4571,51.8819
NA,2012,PM10,10.71,-8.8778,52.7063
Galway City Bodkin Roundabout,2012,PM10,15.607,-9.0492,53.2817
NA,2012,PM10,17.266,-6.1906,53.614
Dublin Inchicore Davitt Road,2013,PM10,13.188,-6.309,53.3363
Cork Ballinlough Heatherton Park,2013,PM10,15.104,-8.4571,51.8819
Galway City Bodkin Roundabout,2013,PM10,20.782,-9.0492,53.2817
Dublin Raheny Saint Anne's Park,2013,PM10,19.388,-6.1726,53.3688
Cork South Link Road Landfill,2013,PM10,18.652,-8.475,51.9111
Dublin Winetavern Street,2013,PM10,13.647,-6.2889,53.3417
Dublin Ballyfermot Library,2013,PM10,12.226,-6.3523,53.3405
Dublin Finglas Mellowes Road,2013,PM10,14.664,-6.3053,53.3903
Monaghan Kilkitt Waterworks,2013,PM10,10.503,-6.8831,54.0661
Wicklow Bray Wurzburg Road,2013,PM10,19.779,-6.1217,53.1872
Mayo Castlebar John Moore Road,2013,PM10,14.894,-9.2997,53.8511
Dublin Tallaght Old Bawn Road,2013,PM10,16.724,-6.3588,53.2805
Mayo Claremorris,2013,PM10,13.232,-9.0127,53.7039
Dublin Blanchardstown River Road,2013,PM10,19.813,-6.3699,53.3856
Dublin Dun Laoghaire The Glen,2013,PM10,17.176,-6.1319,53.2858
Dublin Rathmines Wynnefield Road,2013,PM10,16.463,-6.2672,53.322
Cork South Link Road Landfill,2014,PM10,19.329,-8.475,51.9111
Dublin Raheny Saint Anne's Park,2014,PM10,17.25,-6.1726,53.3688
Dublin Inchicore Davitt Road,2014,PM10,12.729,-6.309,53.3363
Galway City Bodkin Roundabout,2014,PM10,15.048,-9.0492,53.2817
Cork Ballinlough Heatherton Park,2014,PM10,16.192,-8.4571,51.8819
Laois Portlaoise Dublin Road,2014,PM10,24.246,-7.2887,53.0361
Monaghan Kilkitt Waterworks,2014,PM10,8.893,-6.8831,54.0661
Mayo Claremorris,2014,PM10,9.467,-9.0127,53.7039
Dublin Tallaght Old Bawn Road,2014,PM10,14.678,-6.3588,53.2805
Dublin Dun Laoghaire The Glen,2014,PM10,13.78,-6.1319,53.2858
Dublin Blanchardstown River Road,2014,PM10,17.54,-6.3699,53.3856
Wicklow Bray Wurzburg Road,2014,PM10,16.9,-6.1217,53.1872
Dublin Winetavern Street,2014,PM10,13.971,-6.2889,53.3417
Wexford Enniscorthy Parnell Road,2014,PM10,13.794,-6.5708,52.4985
Dublin Inchicore Davitt Road,2015,PM10,13.235,-6.309,53.3363
Cork South Link Road Landfill,2015,PM10,17.125,-8.475,51.9111
Dublin Phoenix Park Ordnance Survey Road,2015,PM10,11.568,-6.349,53.3644
Dublin Raheny Saint Anne's Park,2015,PM10,15.198,-6.1726,53.3688
Cork Ballinlough Heatherton Park,2015,PM10,12.471,-8.4571,51.8819
Galway City Bodkin Roundabout,2015,PM10,15.173,-9.0492,53.2817
Dublin Ballyfermot Library,2015,PM10,11.672,-6.3523,53.3405
Dublin Tallaght Old Bawn Road,2015,PM10,14.116,-6.3588,53.2805
Laois Portlaoise Dublin Road,2015,PM10,15.215,-7.2887,53.0361
Mayo Claremorris,2015,PM10,10.208,-9.0127,53.7039
Dublin Dun Laoghaire The Glen,2015,PM10,13.291,-6.1319,53.2858
Monaghan Kilkitt Waterworks,2015,PM10,9.22,-6.8831,54.0661
Mayo Castlebar John Moore Road,2015,PM10,12.946,-9.2997,53.8511
Dublin Rathmines Wynnefield Road,2015,PM10,15.331,-6.2672,53.322
Dublin Winetavern Street,2015,PM10,13.833,-6.2889,53.3417
Dublin Blanchardstown River Road,2015,PM10,17.384,-6.3699,53.3856
Clare Ennis Drumbiggle Road,2015,PM10,17.724,-8.9893,52.8432
Wexford Enniscorthy Parnell Road,2015,PM10,10.493,-6.5708,52.4985
Dublin Phoenix Park Ordnance Survey Road,2016,PM10,10.505,-6.349,53.3644
Dublin Ballyfermot Library,2016,PM10,10.651,-6.3523,53.3405
Cork Ballinlough Heatherton Park,2016,PM10,11.501,-8.4571,51.8819
Galway City Bodkin Roundabout,2016,PM10,15.261,-9.0492,53.2817
Dublin Inchicore Davitt Road,2016,PM10,13.477,-6.309,53.3363
Cork South Link Road Landfill,2016,PM10,17.902,-8.475,51.9111
Dublin Tallaght Old Bawn Road,2016,PM10,14.148,-6.3588,53.2805
Mayo Claremorris,2016,PM10,10.131,-9.0127,53.7039
Laois Portlaoise Dublin Road,2016,PM10,11.666,-7.2887,53.0361
Wexford Enniscorthy Parnell Road,2016,PM10,17.288,-6.5708,52.4985
Clare Ennis Drumbiggle Road,2016,PM10,17.233,-8.9893,52.8432
Mayo Castlebar John Moore Road,2016,PM10,11.901,-9.2997,53.8511
Dublin Dun Laoghaire The Glen,2016,PM10,12.871,-6.1319,53.2858
Dublin Rathmines Wynnefield Road,2016,PM10,14.888,-6.2672,53.322
Dublin Winetavern Street,2016,PM10,14.028,-6.2889,53.3417
Dublin Blanchardstown River Road,2016,PM10,17.547,-6.3699,53.3856
Monaghan Kilkitt Waterworks,2016,PM10,8.145,-6.8831,54.0661
Cork South Link Road Landfill,2017,PM10,17.242,-8.475,51.9111
Cork Ballinlough Heatherton Park,2017,PM10,10.39,-8.4571,51.8819
Dublin Winetavern Street,2017,PM10,12.934,-6.2889,53.3417
Dublin Phoenix Park Ordnance Survey Road,2017,PM10,9.075,-6.349,53.3644
Dublin Inchicore Davitt Road,2017,PM10,13.409,-6.309,53.3363
Dublin Ballyfermot Library,2017,PM10,11.992,-6.3523,53.3405
Mayo Claremorris,2017,PM10,10.799,-9.0127,53.7039
Clare Ennis Drumbiggle Road,2017,PM10,15.774,-8.9893,52.8432
Monaghan Kilkitt Waterworks,2017,PM10,7.834,-6.8831,54.0661
Dublin Dun Laoghaire The Glen,2017,PM10,11.785,-6.1319,53.2858
Mayo Castlebar John Moore Road,2017,PM10,11.154,-9.2997,53.8511
Laois Portlaoise Dublin Road,2017,PM10,13.396,-7.2887,53.0361
Dublin Tallaght Old Bawn Road,2017,PM10,11.785,-6.3588,53.2805
Dublin Blanchardstown River Road,2017,PM10,14.968,-6.3699,53.3856
Dublin Rathmines Wynnefield Road,2017,PM10,13.439,-6.2672,53.322
Dublin Ringsend recycling Centre,2017,PM10,13.396,-6.2141,53.3419
Dublin Finglas Mellowes Road,2018,PM10,10.697,-6.3053,53.3903
Dublin Ballyfermot Library,2018,PM10,15.832,-6.3523,53.3405
Dublin Raheny Saint Anne's Park,2018,PM10,10.522,-6.1726,53.3688
Waterford Waterford City Paddy Brownes Road,2018,PM10,13.473,-7.1516,52.2471
Dublin Marino Brian Road,2018,PM10,12.149,-6.2279,53.3682
Cork South Link Road Landfill,2018,PM10,16.862,-8.475,51.9111
Dublin Dun Laoghaire The Glen,2018,PM10,12.8,-6.1319,53.2858
Dublin Inchicore Davitt Road,2018,PM10,13.82,-6.309,53.3363
Galway Galway City Rahoon Road,2018,PM10,14.937,-9.0859,53.2736
Dublin Phoenix Park Ordnance Survey Road,2018,PM10,11.452,-6.349,53.3644
Cork Ballinlough Heatherton Park,2018,PM10,11.515,-8.4571,51.8819
Dublin Tallaght Old Bawn Road,2018,PM10,14.53,-6.3588,53.2805
Carlow Carlow Town County Council Offices,2018,PM10,11.744,-6.9317,52.8397
Monaghan Kilkitt Waterworks,2018,PM10,8.456,-6.8831,54.0661
Cork Cobh Carrignafoy,2018,PM10,14.904,-8.2878,51.855
Wexford Enniscorthy Parnell Road,2018,PM10,17.574,-6.5708,52.4985
Louth Dundalk Meadow Grove,2018,PM10,14.618,-6.3926,54.0031
Laois Portlaoise Dublin Road,2018,PM10,10.84,-7.2887,53.0361
Clare Ennis Drumbiggle Road,2018,PM10,15.812,-8.9893,52.8432
Mayo Claremorris,2018,PM10,12.151,-9.0127,53.7039
Roscommon Roscommon Town County Council Offices,2018,PM10,12.084,-8.1944,53.6294
Dublin Blanchardstown River Road,2018,PM10,17.197,-6.3699,53.3856
Dublin Rathmines Wynnefield Road,2018,PM10,15.116,-6.2672,53.322
Mayo Castlebar John Moore Road,2018,PM10,11.366,-9.2997,53.8511
Dublin Ringsend recycling Centre,2018,PM10,19.62,-6.2141,53.3419
Dublin Kilmainham St. John's Road West,2018,PM10,13.96,-6.2948,53.3458
Dublin Winetavern Street,2018,PM10,14.356,-6.2889,53.3417
Dublin Finglas Mellowes Road,2019,PM10,13.325,-6.3053,53.3903
Dublin Raheny Saint Anne's Park,2019,PM10,11.562,-6.1726,53.3688
Cork South Link Road Landfill,2019,PM10,17.853,-8.475,51.9111
Cork Ballinlough Heatherton Park,2019,PM10,12.251,-8.4571,51.8819
Dublin Inchicore Davitt Road,2019,PM10,18.836,-6.309,53.3363
Galway Galway City Rahoon Road,2019,PM10,12.524,-9.0859,53.2736
Dublin Phoenix Park Ordnance Survey Road,2019,PM10,11.306,-6.349,53.3644
Dublin Marino Brian Road,2019,PM10,14.124,-6.2279,53.3682
Dublin Kilmainham St. John's Road West,2019,PM10,13.836,-6.2948,53.3458
Waterford Waterford City Paddy Brownes Road,2019,PM10,14.908,-7.1516,52.2471
Cork Bishopstown MTU,2019,PM10,14.599,-8.533,51.8841
Dublin Ballyfermot Library,2019,PM10,13.931,-6.3523,53.3405
Wexford Enniscorthy Parnell Road,2019,PM10,18.332,-6.5708,52.4985
Roscommon Roscommon Town County Council Offices,2019,PM10,11.879,-8.1944,53.6294
Mayo Castlebar John Moore Road,2019,PM10,15.666,-9.2997,53.8511
Laois Portlaoise Dublin Road,2019,PM10,14.65,-7.2887,53.0361
Cork Cobh Carrignafoy,2019,PM10,13.224,-8.2878,51.855
Clare Ennis Drumbiggle Road,2019,PM10,17.967,-8.9893,52.8432
Dublin Tallaght Old Bawn Road,2019,PM10,12.437,-6.3588,53.2805
Dublin Blanchardstown River Road,2019,PM10,18.935,-6.3699,53.3856
Mayo Claremorris,2019,PM10,11.317,-9.0127,53.7039
Kilkenny Seville Lodge,2019,PM10,17.827,-7.2681,52.6388
Carlow Carlow Town County Council Offices,2019,PM10,11.001,-6.9317,52.8397
Dublin Ringsend recycling Centre,2019,PM10,18.847,-6.2141,53.3419
Louth Dundalk Meadow Grove,2019,PM10,14.496,-6.3926,54.0031
Monaghan Kilkitt Waterworks,2019,PM10,7.274,-6.8831,54.0661
Dublin Dun Laoghaire The Glen,2019,PM10,12.193,-6.1319,53.2858
Dublin Rathmines Wynnefield Road,2019,PM10,13.452,-6.2672,53.322
Dublin Winetavern Street,2019,PM10,15.385,-6.2889,53.3417
Cork Bishopstown MTU,2020,PM10,14.046,-8.533,51.8841
Dublin Raheny Saint Anne's Park,2020,PM10,10.637,-6.1726,53.3688
Dublin Ballyfermot Library,2020,PM10,11.795,-6.3523,53.3405
Cork South Link Road Landfill,2020,PM10,14.852,-8.475,51.9111
Dublin Marino Brian Road,2020,PM10,13.008,-6.2279,53.3682
Waterford Waterford City Paddy Brownes Road,2020,PM10,14.247,-7.1516,52.2471
Dublin Ringsend recycling Centre,2020,PM10,17.339,-6.2141,53.3419
Dublin Finglas Mellowes Road,2020,PM10,11.883,-6.3053,53.3903
Dublin Inchicore Davitt Road,2020,PM10,15.251,-6.309,53.3363
Galway Galway City Rahoon Road,2020,PM10,12.566,-9.0859,53.2736
Dublin Phoenix Park Ordnance Survey Road,2020,PM10,10.442,-6.349,53.3644
Cork Ballinlough Heatherton Park,2020,PM10,11.329,-8.4571,51.8819
Louth Dundalk Meadow Grove,2020,PM10,12.646,-6.3926,54.0031
Clare Ennis Drumbiggle Road,2020,PM10,19.552,-8.9893,52.8432
Dublin Dun Laoghaire The Glen,2020,PM10,11.965,-6.1319,53.2858
Cavan Cavan Town Court House,2020,PM10,8.947,-7.3628,53.9936
Roscommon Roscommon Town County Council Offices,2020,PM10,10.488,-8.1944,53.6294
Tipperary Town,2020,PM10,12.234,-8.1564,52.4792
Wexford Enniscorthy Parnell Road,2020,PM10,14.851,-6.5708,52.4985
Westmeath Athlone,2020,PM10,15.526,-7.9377,53.4248
Carlow Carlow Town County Council Offices,2020,PM10,10.794,-6.9317,52.8397
Cork Cobh Carrignafoy,2020,PM10,13.032,-8.2878,51.855
Kerry Tralee Library,2020,PM10,15.836,-9.6979,52.2673
Wexford Wexford Town Opera House,2020,PM10,12.272,-6.4616,52.3374
Dublin Blanchardstown River Road,2020,PM10,15.204,-6.3699,53.3856
Donegal Letterkenny Library,2020,PM10,14.743,-7.7352,54.9545
Tipperary Clonmel,2020,PM10,11.52,-7.6994,52.3547
Kilkenny Seville Lodge,2020,PM10,18.461,-7.2681,52.6388
Mayo Claremorris,2020,PM10,9.95,-9.0127,53.7039
Laois Portlaoise Dublin Road,2020,PM10,12.044,-7.2887,53.0361
Monaghan Kilkitt Waterworks,2020,PM10,7.763,-6.8831,54.0661
Dublin Tallaght Old Bawn Road,2020,PM10,10.345,-6.3588,53.2805
Dublin Winetavern Street,2020,PM10,12.975,-6.2889,53.3417
Meath Navan,2020,PM10,13.758,-6.6893,53.6556
Offaly Birr,2020,PM10,9.834,-7.9085,53.0945
Dublin Kilmainham St. John's Road West,2020,PM10,13.122,-6.2948,53.3458
Mayo Castlebar John Moore Road,2020,PM10,14.39,-9.2997,53.8511
Cork Macroom Council Yard,2020,PM10,15.397,-8.9529,51.9047
Dublin Rathmines Wynnefield Road,2020,PM10,11.007,-6.2672,53.322
Limerick Peoples Park,2020,PM10,12.728,-8.6287,52.6586
Dublin Pearse St.,2020,PM10,NA,-6.2543,53.345
Cork Bishopstown MTU,2021,PM10,13.327,-8.533,51.8841
Dublin Phoenix Park Ordnance Survey Road,2021,PM10,11.947,-6.349,53.3644
Cork Ballinlough Heatherton Park,2021,PM10,11.401,-8.4571,51.8819
Waterford Waterford City Paddy Brownes Road,2021,PM10,13.732,-7.1516,52.2471
Dublin Finglas Mellowes Road,2021,PM10,11.832,-6.3053,53.3903
Cork South Link Road Landfill,2021,PM10,17.97,-8.475,51.9111
Galway Galway City Rahoon Road,2021,PM10,11.403,-9.0859,53.2736
Dublin Winetavern Street,2021,PM10,12.403,-6.2889,53.3417
Dublin Ringsend recycling Centre,2021,PM10,15.722,-6.2141,53.3419
Dublin Inchicore Davitt Road,2021,PM10,14.02,-6.309,53.3363
Dublin Raheny Saint Anne's Park,2021,PM10,10.806,-6.1726,53.3688
Dublin Marino Brian Road,2021,PM10,12.238,-6.2279,53.3682
Dublin Ballyfermot Library,2021,PM10,11.798,-6.3523,53.3405
Mayo Castlebar John Moore Road,2021,PM10,14.153,-9.2997,53.8511
Donegal Letterkenny Library,2021,PM10,14.679,-7.7352,54.9545
Monaghan Kilkitt Waterworks,2021,PM10,7.817,-6.8831,54.0661
Roscommon Roscommon Town County Council Offices,2021,PM10,10.318,-8.1944,53.6294
Louth Dundalk Meadow Grove,2021,PM10,11.731,-6.3926,54.0031
Wexford Wexford Town Opera House,2021,PM10,13.489,-6.4616,52.3374
Laois Portlaoise Dublin Road,2021,PM10,11.424,-7.2887,53.0361
Kilkenny Seville Lodge,2021,PM10,16.788,-7.2681,52.6388
Clare Ennis Drumbiggle Road,2021,PM10,19.002,-8.9893,52.8432
Cavan Cavan Town Court House,2021,PM10,10.618,-7.3628,53.9936
Offaly Birr,2021,PM10,12.206,-7.9085,53.0945
Wexford Enniscorthy Parnell Road,2021,PM10,13.652,-6.5708,52.4985
Kerry Tralee Library,2021,PM10,17.076,-9.6979,52.2673
Dublin Blanchardstown River Road,2021,PM10,14.155,-6.3699,53.3856
Carlow Carlow Town County Council Offices,2021,PM10,10.396,-6.9317,52.8397
Dublin Tallaght Old Bawn Road,2021,PM10,9.839,-6.3588,53.2805
Westmeath Athlone,2021,PM10,12.061,-7.9377,53.4248
Cork Cobh Carrignafoy,2021,PM10,12.004,-8.2878,51.855
Mayo Claremorris,2021,PM10,9.435,-9.0127,53.7039
Dublin Dun Laoghaire The Glen,2021,PM10,11.382,-6.1319,53.2858
Meath Navan,2021,PM10,13.476,-6.6893,53.6556
Tipperary Clonmel,2021,PM10,10.627,-7.6994,52.3547
Cork Macroom Council Yard,2021,PM10,14.578,-8.9529,51.9047
Tipperary Town,2021,PM10,12.651,-8.1564,52.4792
Limerick Peoples Park,2021,PM10,12.569,-8.6287,52.6586
Dublin Kilmainham St. John's Road West,2021,PM10,13.002,-6.2948,53.3458
Dublin Rathmines Wynnefield Road,2021,PM10,12.378,-6.2672,53.322
Dublin Finglas Mellowes Road,2022,PM10,11.847,-6.3053,53.3903
Dublin Inchicore Davitt Road,2022,PM10,14.137,-6.309,53.3363
Galway Galway City Rahoon Road,2022,PM10,12.587,-9.0859,53.2736
Dublin Phoenix Park Ordnance Survey Road,2022,PM10,10.877,-6.349,53.3644
Dublin Ballyfermot Library,2022,PM10,12.626,-6.3523,53.3405
Dublin Marino Brian Road,2022,PM10,13.557,-6.2279,53.3682
Cork Bishopstown MTU,2022,PM10,13.702,-8.533,51.8841
Waterford Waterford City Paddy Brownes Road,2022,PM10,15.236,-7.1516,52.2471
Dublin Raheny Saint Anne's Park,2022,PM10,12.867,-6.1726,53.3688
Cork South Link Road Landfill,2022,PM10,15.786,-8.475,51.9111
Cork Ballinlough Heatherton Park,2022,PM10,11.853,-8.4571,51.8819
Wicklow Greystones,2022,PM10,11.591,-6.0703,53.1499
Westmeath Athlone,2022,PM10,12.375,-7.9377,53.4248
Offaly Birr,2022,PM10,13.977,-7.9085,53.0945
Monaghan Kilkitt Waterworks,2022,PM10,8.562,-6.8831,54.0661
Carlow Carlow Town County Council Offices,2022,PM10,11.385,-6.9317,52.8397
Laois Portlaoise Dublin Road,2022,PM10,11.984,-7.2887,53.0361
Tipperary Clonmel,2022,PM10,11.555,-7.6994,52.3547
Cork Cobh Carrignafoy,2022,PM10,13.216,-8.2878,51.855
Kerry Killarney,2022,PM10,17.908,-9.5049,52.0583
Cork Mallow,2022,PM10,13.492,-8.6407,52.134
Tipperary Town,2022,PM10,13.934,-8.1564,52.4792
Leitrim Carrick-on-Shannon,2022,PM10,10.193,-8.0865,53.9446
Wicklow Bray Wurzburg Road,2022,PM10,10.002,-6.1217,53.1872
Wexford Wexford Town Opera House,2022,PM10,14.52,-6.4616,52.3374
Mayo Castlebar John Moore Road,2022,PM10,11.252,-9.2997,53.8511
Kerry Tralee Library,2022,PM10,17.908,-9.6979,52.2673
Dublin Clonskeagh Road Richview,2022,PM10,11.329,-6.2353,53.3118
Offaly Edenderry,2022,PM10,17.724,-7.0475,53.3425
Dublin Dun Laoghaire The Glen,2022,PM10,12.185,-6.1319,53.2858
Limerick Shannon Estuary Asketon,2022,PM10,9.923,-8.9542,52.6392
Donegal Letterkenny Library,2022,PM10,14.585,-7.7352,54.9545
Dublin Dublin Airport,2022,PM10,11.74,-6.2304,53.4344
Cork Macroom Council Yard,2022,PM10,16.149,-8.9529,51.9047
Kildare Leixlip,2022,PM10,11.151,-6.4867,53.3719
Meath Navan,2022,PM10,14.167,-6.6893,53.6556
Mayo Claremorris,2022,PM10,8.017,-9.0127,53.7039
Kilkenny Seville Lodge,2022,PM10,17.505,-7.2681,52.6388
Clare Ennis Drumbiggle Road,2022,PM10,20.037,-8.9893,52.8432
Roscommon Roscommon Town County Council Offices,2022,PM10,11.243,-8.1944,53.6294
Kildare Naas,2022,PM10,12.255,-6.6591,53.2181
Cork Cobh Carrig House,2022,PM10,14.501,-8.2974,51.8495
Dublin Rathmines Wynnefield Road,2022,PM10,14.716,-6.2672,53.322
Galway Eyre Square,2022,PM10,NA,-9.0485,53.274
Cavan Cavan Town Court House,2022,PM10,10.964,-7.3628,53.9936
Dublin Tallaght Old Bawn Road,2022,PM10,11.054,-6.3588,53.2805
Dublin Blanchardstown River Road,2022,PM10,15.063,-6.3699,53.3856
Longford Town Dublin Road Railway,2022,PM10,16.039,-7.7914,53.7256
Wexford Enniscorthy Parnell Road,2022,PM10,15.027,-6.5708,52.4985
Dublin Ringsend recycling Centre,2022,PM10,16.229,-6.2141,53.3419
Louth Drogheda,2022,PM10,11.933,-6.32,53.7322
Louth Dundalk Meadow Grove,2022,PM10,22.979,-6.3926,54.0031
Dublin Dublin Port,2022,PM10,18.057,-6.2039,53.3527
Dublin Winetavern Street,2022,PM10,13.622,-6.2889,53.3417
Limerick Henry Street,2022,PM10,13.872,-8.6316,52.6613
Cork Lower Glanmire Road,2022,PM10,14.1,-8.4621,51.9017
Limerick Peoples Park,2022,PM10,13.938,-8.6287,52.6586
Dublin Pearse St.,2022,PM10,16.13,-6.2543,53.345
Dublin Kilmainham St. John's Road West,2022,PM10,14.551,-6.2948,53.3458
Dublin Marino Brian Road,2023,PM10,11.626,-6.2279,53.3682
Galway Galway City Rahoon Road,2023,PM10,12.708,-9.0859,53.2736
Galway Briarhill,2023,PM10,12.094,-8.987,53.2921
Waterford Waterford City Paddy Brownes Road,2023,PM10,12.229,-7.1516,52.2471
Cork South Link Road Landfill,2023,PM10,NA,-8.475,51.9111
Dublin Raheny Saint Anne's Park,2023,PM10,10.882,-6.1726,53.3688
Dublin Finglas Mellowes Road,2023,PM10,12.313,-6.3053,53.3903
Dublin Ballyfermot Library,2023,PM10,11.067,-6.3523,53.3405
Dublin Inchicore Davitt Road,2023,PM10,13.326,-6.309,53.3363
Cork Ballinlough Heatherton Park,2023,PM10,10.97,-8.4571,51.8819
Dublin Ringsend recycling Centre,2023,PM10,13.779,-6.2141,53.3419
Limerick Henry Street,2023,PM10,11.309,-8.6316,52.6613
Dublin Winetavern Street,2023,PM10,12.868,-6.2889,53.3417
Dublin Phoenix Park Ordnance Survey Road,2023,PM10,9.136,-6.349,53.3644
Cork Bishopstown MTU,2023,PM10,11.425,-8.533,51.8841
Donegal Malin Head,2023,PM10,12.803,-7.3389,55.3722
Kildare Naas,2023,PM10,10.886,-6.6591,53.2181
Mayo Castlebar John Moore Road,2023,PM10,9.853,-9.2997,53.8511
Kerry Tralee Library,2023,PM10,14.542,-9.6979,52.2673
Monaghan Kilkitt Waterworks,2023,PM10,7.149,-6.8831,54.0661
Cork Cobh Carrignafoy,2023,PM10,11.77,-8.2878,51.855
Carlow Carlow Town County Council Offices,2023,PM10,10.142,-6.9317,52.8397
Meath Navan,2023,PM10,13.169,-6.6893,53.6556
Kerry Killarney,2023,PM10,8.893,-9.5049,52.0583
Cork Cobh Carrig House,2023,PM10,11.38,-8.2974,51.8495
Laois Portlaoise Dublin Road,2023,PM10,11.008,-7.2887,53.0361
Kilkenny Seville Lodge,2023,PM10,13.89,-7.2681,52.6388
Wexford Wexford Town Opera House,2023,PM10,12.742,-6.4616,52.3374
Dublin Dun Laoghaire The Glen,2023,PM10,11.629,-6.1319,53.2858
Dublin Tallaght Old Bawn Road,2023,PM10,11.461,-6.3588,53.2805
Dublin Clonskeagh Road Richview,2023,PM10,10.284,-6.2353,53.3118
Kildare Leixlip,2023,PM10,10.114,-6.4867,53.3719
Offaly Birr,2023,PM10,13.095,-7.9085,53.0945
Westmeath Athlone,2023,PM10,11.557,-7.9377,53.4248
Mayo Claremorris,2023,PM10,8.074,-9.0127,53.7039
Wicklow Bray Wurzburg Road,2023,PM10,10.537,-6.1217,53.1872
Longford Town Dublin Road Railway,2023,PM10,13.135,-7.7914,53.7256
Roscommon Roscommon Town County Council Offices,2023,PM10,9.657,-8.1944,53.6294
Wicklow Greystones,2023,PM10,10.697,-6.0703,53.1499
Cavan Cavan Town Court House,2023,PM10,10.031,-7.3628,53.9936
Dublin Dublin Airport,2023,PM10,11.868,-6.2304,53.4344
Tipperary Clonmel,2023,PM10,9.316,-7.6994,52.3547
Cork Cork Port,2023,PM10,12.267,-8.3209,51.8306
Cork Macroom Council Yard,2023,PM10,7.334,-8.9529,51.9047
Offaly Edenderry,2023,PM10,16.305,-7.0475,53.3425
Tipperary Town,2023,PM10,10.756,-8.1564,52.4792
Louth Drogheda,2023,PM10,10.907,-6.32,53.7322
Dublin Swords Watery Lane,2023,PM10,9.008,-6.2235,53.4638
Cork Airport,2023,PM10,12.061,-8.4894,51.8519
Limerick Peoples Park,2023,PM10,11.362,-8.6287,52.6586
Cork Mallow,2023,PM10,10.501,-8.6407,52.134
Clare Ennis Drumbiggle Road,2023,PM10,16.364,-8.9893,52.8432
Dublin Lucan,2023,PM10,12.356,-6.4503,53.3492
Dublin Blanchardstown River Road,2023,PM10,13.305,-6.3699,53.3856
Donegal Letterkenny Library,2023,PM10,13.427,-7.7352,54.9545
Limerick Shannon Estuary Asketon,2023,PM10,8.391,-8.9542,52.6392
Galway Ballinalsoe,2023,PM10,13.744,-8.2241,53.3287
Leitrim Carrick-on-Shannon,2023,PM10,8.907,-8.0865,53.9446
Galway Eyre Square,2023,PM10,14.669,-9.0485,53.274
Louth Dundalk Meadow Grove,2023,PM10,13.217,-6.3926,54.0031
Wexford Enniscorthy Parnell Road,2023,PM10,13.338,-6.5708,52.4985
Dublin Pearse St.,2023,PM10,14.398,-6.2543,53.345
Dublin Dublin Port,2023,PM10,15.376,-6.2039,53.3527
Dublin Kilmainham St. John's Road West,2023,PM10,11.854,-6.2948,53.3458
Wateford Merchants Quay,2023,PM10,14.042,-7.1179,52.2638
Cork Lower Glanmire Road,2023,PM10,13.163,-8.4621,51.9017
Dublin Rathmines Wynnefield Road,2023,PM10,15.126,-6.2672,53.322
Dublin Phoenix Park Ordnance Survey Road,2024,PM10,9.953,-6.349,53.3644
Dublin Ringsend recycling Centre,2024,PM10,15.543,-6.2141,53.3419
Waterford Waterford City Paddy Brownes Road,2024,PM10,11.529,-7.1516,52.2471
Limerick Peoples Park,2024,PM10,12.25,-8.6287,52.6586
Dublin Raheny Saint Anne's Park,2024,PM10,10.678,-6.1726,53.3688
Galway Briarhill,2024,PM10,12.15,-8.987,53.2921
Dublin Inchicore Davitt Road,2024,PM10,17.177,-6.309,53.3363
Dublin Ballyfermot Library,2024,PM10,11.634,-6.3523,53.3405
Dublin Kilmainham St. John's Road West,2024,PM10,13.337,-6.2948,53.3458
Dublin Rathmines Wynnefield Road,2024,PM10,11.975,-6.2672,53.322
Cork South Link Road Landfill,2024,PM10,NA,-8.475,51.9111
Wateford Merchants Quay,2024,PM10,14.01,-7.1179,52.2638
Cork Bishopstown MTU,2024,PM10,11.282,-8.533,51.8841
Dublin Finglas Mellowes Road,2024,PM10,11.255,-6.3053,53.3903
Dublin Dublin Port,2024,PM10,14.788,-6.2039,53.3527
Dublin Marino Brian Road,2024,PM10,12.214,-6.2279,53.3682
Galway Eyre Square,2024,PM10,13.441,-9.0485,53.274
Limerick Henry Street,2024,PM10,11.977,-8.6316,52.6613
Dublin Pearse St.,2024,PM10,14.529,-6.2543,53.345
Cork Lower Glanmire Road,2024,PM10,13.787,-8.4621,51.9017
Cork Ballinlough Heatherton Park,2024,PM10,11.224,-8.4571,51.8819
Leitrim Carrick-on-Shannon,2024,PM10,9.552,-8.0865,53.9446
Donegal Malin Head,2024,PM10,13.329,-7.3389,55.3722
Cork Cork Port,2024,PM10,11.433,-8.3209,51.8306
Louth Dundalk Meadow Grove,2024,PM10,12.077,-6.3926,54.0031
Kildare Naas,2024,PM10,11.013,-6.6591,53.2181
Tipperary Town,2024,PM10,10.648,-8.1564,52.4792
Kerry Killarney,2024,PM10,11.314,-9.5049,52.0583
Westmeath Athlone,2024,PM10,11.797,-7.9377,53.4248
Cork Macroom Council Yard,2024,PM10,11.892,-8.9529,51.9047
Cork Cobh Carrig House,2024,PM10,NA,-8.2974,51.8495
Dublin Lucan,2024,PM10,13.151,-6.4503,53.3492
Galway Ballinalsoe,2024,PM10,12.689,-8.2241,53.3287
Cavan Cavan Town Court House,2024,PM10,10.41,-7.3628,53.9936
Cork Mallow,2024,PM10,9.95,-8.6407,52.134
Clare Ennis Drumbiggle Road,2024,PM10,16.02,-8.9893,52.8432
Louth Drogheda,2024,PM10,11.916,-6.32,53.7322
Wicklow Greystones,2024,PM10,10.638,-6.0703,53.1499
Offaly Birr,2024,PM10,12.979,-7.9085,53.0945
Offaly Edenderry,2024,PM10,15.537,-7.0475,53.3425
Kildare Leixlip,2024,PM10,10.182,-6.4867,53.3719
Dublin Dun Laoghaire The Glen,2024,PM10,11.954,-6.1319,53.2858
Kerry Tralee Library,2024,PM10,15.232,-9.6979,52.2673
Mayo Claremorris,2024,PM10,8.286,-9.0127,53.7039
Longford Town Dublin Road Railway,2024,PM10,15.693,-7.7914,53.7256
Dublin Blanchardstown River Road,2024,PM10,14.352,-6.3699,53.3856
Carlow Carlow Town County Council Offices,2024,PM10,11.443,-6.9317,52.8397
Wexford Wexford Town Opera House,2024,PM10,13.416,-6.4616,52.3374
Roscommon Roscommon Town County Council Offices,2024,PM10,9.815,-8.1944,53.6294
Dublin Clonskeagh Road Richview,2024,PM10,11.518,-6.2353,53.3118
Donegal Letterkenny Library,2024,PM10,14.245,-7.7352,54.9545
Tipperary Clonmel,2024,PM10,10.067,-7.6994,52.3547
Dublin Swords Watery Lane,2024,PM10,10.242,-6.2235,53.4638
Wexford Enniscorthy Parnell Road,2024,PM10,14.948,-6.5708,52.4985
Cork Cobh Carrignafoy,2024,PM10,11.546,-8.2878,51.855
Limerick Shannon Estuary Asketon,2024,PM10,8.355,-8.9542,52.6392
Meath Navan,2024,PM10,13.546,-6.6893,53.6556
Mayo Castlebar John Moore Road,2024,PM10,13.351,-9.2997,53.8511
Dublin Dublin Airport,2024,PM10,12.207,-6.2304,53.4344
Wicklow Bray Wurzburg Road,2024,PM10,9.202,-6.1217,53.1872
Cork Airport,2024,PM10,9.803,-8.4894,51.8519
Dublin Tallaght Old Bawn Road,2024,PM10,10.3,-6.3588,53.2805
Laois Portlaoise Dublin Road,2024,PM10,11.557,-7.2887,53.0361
Wateford Merchants Quay,2025,PM10,14.772,-7.1179,52.2638
Dublin Ringsend recycling Centre,2025,PM10,19.871,-6.2141,53.3419
Dublin Inchicore Davitt Road,2025,PM10,18.736,-6.309,53.3363
Dublin Rathmines Wynnefield Road,2025,PM10,14.273,-6.2672,53.322
Dublin Marino Brian Road,2025,PM10,15.027,-6.2279,53.3682
Dublin Raheny Saint Anne's Park,2025,PM10,12.551,-6.1726,53.3688
Limerick Henry Street,2025,PM10,12.968,-8.6316,52.6613
Dublin Finglas Mellowes Road,2025,PM10,11.52,-6.3053,53.3903
Dublin Dublin Port,2025,PM10,13.894,-6.2039,53.3527
Waterford Waterford City Paddy Brownes Road,2025,PM10,16.725,-7.1516,52.2471
Dublin Winetavern Street,2025,PM10,5.88,-6.2889,53.3417
Galway Briarhill,2025,PM10,12.892,-8.987,53.2921
Dublin Ballyfermot Library,2025,PM10,12.779,-6.3523,53.3405
Dublin Phoenix Park Ordnance Survey Road,2025,PM10,9.656,-6.349,53.3644
Galway Eyre Square,2025,PM10,16.013,-9.0485,53.274
Limerick Peoples Park,2025,PM10,12.942,-8.6287,52.6586
Cork Lower Glanmire Road,2025,PM10,16.316,-8.4621,51.9017
Dublin Kilmainham St. John's Road West,2025,PM10,13.908,-6.2948,53.3458
Cork Bishopstown MTU,2025,PM10,15.078,-8.533,51.8841
Cork Ballinlough Heatherton Park,2025,PM10,12.852,-8.4571,51.8819
Cork South Link Road Landfill,2025,PM10,NA,-8.475,51.9111
Dublin Pearse St.,2025,PM10,16.605,-6.2543,53.345
Dublin Dun Laoghaire The Glen,2025,PM10,14.192,-6.1319,53.2858
Sligo Sligo Town,2025,PM10,8.966,-8.4804,54.2673
Cavan Cavan Town Court House,2025,PM10,12.163,-7.3628,53.9936
Donegal Malin Head,2025,PM10,15.161,-7.3389,55.3722
Limerick Shannon Estuary Asketon,2025,PM10,9.209,-8.9542,52.6392
Kerry Tralee Library,2025,PM10,16.435,-9.6979,52.2673
Carlow Carlow Town County Council Offices,2025,PM10,13.27,-6.9317,52.8397
Kildare Naas,2025,PM10,12.956,-6.6591,53.2181
Leitrim Carrick-on-Shannon,2025,PM10,11.716,-8.0865,53.9446
Louth Drogheda,2025,PM10,16.307,-6.32,53.7322
Roscommon Roscommon Town County Council Offices,2025,PM10,12.838,-8.1944,53.6294
Wexford Enniscorthy Parnell Road,2025,PM10,15.89,-6.5708,52.4985
Kerry Killarney,2025,PM10,12.818,-9.5049,52.0583
Wicklow Greystones,2025,PM10,12.303,-6.0703,53.1499
Mayo Claremorris,2025,PM10,9.956,-9.0127,53.7039
Galway Ballinalsoe,2025,PM10,14.935,-8.2241,53.3287
Dublin Swords Watery Lane,2025,PM10,13.238,-6.2235,53.4638
Dublin Lucan,2025,PM10,16.839,-6.4503,53.3492
Clare Ennis Drumbiggle Road,2025,PM10,17.717,-8.9893,52.8432
Laois Portlaoise Dublin Road,2025,PM10,13.669,-7.2887,53.0361
Offaly Birr,2025,PM10,15.629,-7.9085,53.0945
Tipperary Town,2025,PM10,16.071,-8.1564,52.4792
Longford Town Dublin Road Railway,2025,PM10,14.32,-7.7914,53.7256
Meath Navan,2025,PM10,16.406,-6.6893,53.6556
Offaly Edenderry,2025,PM10,16.494,-7.0475,53.3425
Dublin Dublin Airport,2025,PM10,14.079,-6.2304,53.4344
Dublin Blanchardstown River Road,2025,PM10,14.335,-6.3699,53.3856
Cork Cobh Carrig House,2025,PM10,NA,-8.2974,51.8495
Donegal Letterkenny Library,2025,PM10,14.611,-7.7352,54.9545
Cork Airport,2025,PM10,10.922,-8.4894,51.8519
Cork Cork Port,2025,PM10,NA,-8.3209,51.8306
Wicklow Bray Wurzburg Road,2025,PM10,11.138,-6.1217,53.1872
Cork Mallow,2025,PM10,11.616,-8.6407,52.134
Westmeath Athlone,2025,PM10,12.449,-7.9377,53.4248
Wexford Wexford Town Opera House,2025,PM10,16.42,-6.4616,52.3374
Mayo Castlebar John Moore Road,2025,PM10,14.863,-9.2997,53.8511
Dublin Clonskeagh Road Richview,2025,PM10,13.47,-6.2353,53.3118
Louth Dundalk Meadow Grove,2025,PM10,15.228,-6.3926,54.0031
Dublin Amiens Street,2025,PM10,9.062,-6.249,53.3524
Kildare Leixlip,2025,PM10,12.822,-6.4867,53.3719
Cork Cobh Carrignafoy,2025,PM10,13.445,-8.2878,51.855
Cork Macroom Council Yard,2025,PM10,15.266,-8.9529,51.9047
Tipperary Clonmel,2025,PM10,12.191,-7.6994,52.3547
Dublin Tallaght Old Bawn Road,2025,PM10,11.894,-6.3588,53.2805
NA,2004,PM2.5,6.43,-9.6892,52.2708
NA,2004,PM2.5,10.159,-7.6958,52.3561
NA,2004,PM2.5,9.661,-8.475,51.9
NA,2005,PM2.5,10.992,-8.475,51.9
NA,2007,PM2.5,8.322,-8.475,51.9
NA,2008,PM2.5,9.176,-8.475,51.9
Clare Ennis Simms Lane,2009,PM2.5,8.349,-8.5919,52.5035
NA,2009,PM2.5,10.62,-8.475,51.9
Dublin Rathmines Wynnefield Road,2009,PM2.5,11.06,-6.2781,53.3539
Dublin Marino Brian Road,2009,PM2.5,8.159,-6.2279,53.3682
Dublin Coleraine Street,2009,PM2.5,9.961,-6.2667,53.3472
Clare Ennis Simms Lane,2010,PM2.5,11.756,-8.5919,52.5035
NA,2010,PM2.5,14.864,-8.475,51.9
Dublin Coleraine Street,2010,PM2.5,11.779,-6.2667,53.3472
Dublin Marino Brian Road,2010,PM2.5,9.958,-6.2279,53.3682
Dublin Rathmines Wynnefield Road,2010,PM2.5,11.756,-6.2781,53.3539
NA,2011,PM2.5,11.74,-8.475,51.9
Longford Town Dublin Road Railway,2011,PM2.5,8.863,-7.7914,53.7256
Clare Ennis Simms Lane,2011,PM2.5,13.649,-8.5919,52.5035
Mayo Claremorris,2011,PM2.5,5.846,-9.0127,53.7039
Dublin Coleraine Street,2011,PM2.5,11.212,-6.2667,53.3472
Dublin Marino Brian Road,2011,PM2.5,8.95,-6.2279,53.3682
Dublin Rathmines Wynnefield Road,2011,PM2.5,12.194,-6.2781,53.3539
Longford Town Dublin Road Railway,2013,PM2.5,14.972,-7.7914,53.7256
Mayo Claremorris,2013,PM2.5,7.907,-9.0127,53.7039
Cork South Link Road Landfill,2013,PM2.5,10.968,-8.475,51.9111
Dublin Marino Brian Road,2013,PM2.5,9.392,-6.2279,53.3682
Dublin Coleraine Street,2013,PM2.5,11.147,-6.2667,53.3472
Dublin Rathmines Wynnefield Road,2013,PM2.5,11.109,-6.2672,53.322
Longford Town Dublin Road Railway,2014,PM2.5,20.893,-7.7914,53.7256
Mayo Claremorris,2014,PM2.5,5.375,-9.0127,53.7039
Dublin Marino Brian Road,2014,PM2.5,7.824,-6.2279,53.3682
Dublin Coleraine Street,2014,PM2.5,9.433,-6.2667,53.3472
Dublin Rathmines Wynnefield Road,2014,PM2.5,9.582,-6.2672,53.322
Wicklow Bray Wurzburg Road,2015,PM2.5,6.563,-6.1217,53.1872
Clare Ennis Drumbiggle Road,2015,PM2.5,12.117,-8.9893,52.8432
Longford Town Dublin Road Railway,2015,PM2.5,NA,-7.7914,53.7256
Mayo Claremorris,2015,PM2.5,5.736,-9.0127,53.7039
Dublin Rathmines Wynnefield Road,2015,PM2.5,9.943,-6.2672,53.322
Dublin Marino Brian Road,2015,PM2.5,7.802,-6.2279,53.3682
Cork Ballinlough Heatherton Park,2015,PM2.5,6.83,-8.4571,51.8819
Dublin Finglas Mellowes Road,2015,PM2.5,8.138,-6.3053,53.3903
Dublin Coleraine Street,2015,PM2.5,9.425,-6.2667,53.3472
Wicklow Bray Wurzburg Road,2016,PM2.5,7.757,-6.1217,53.1872
Longford Town Dublin Road Railway,2016,PM2.5,11.901,-7.7914,53.7256
Clare Ennis Drumbiggle Road,2016,PM2.5,12.049,-8.9893,52.8432
Cork Ballinlough Heatherton Park,2016,PM2.5,7.067,-8.4571,51.8819
Mayo Claremorris,2016,PM2.5,5.756,-9.0127,53.7039
Dublin Marino Brian Road,2016,PM2.5,7.38,-6.2279,53.3682
Dublin Finglas Mellowes Road,2016,PM2.5,8.454,-6.3053,53.3903
Dublin Coleraine Street,2016,PM2.5,8.7,-6.2667,53.3472
Dublin Rathmines Wynnefield Road,2016,PM2.5,10.037,-6.2672,53.322
Dublin Marino Brian Road,2017,PM2.5,6.901,-6.2279,53.3682
Cork Ballinlough Heatherton Park,2017,PM2.5,5.725,-8.4571,51.8819
Clare Ennis Drumbiggle Road,2017,PM2.5,10.571,-8.9893,52.8432
Longford Town Dublin Road Railway,2017,PM2.5,9.205,-7.7914,53.7256
Mayo Claremorris,2017,PM2.5,5.562,-9.0127,53.7039
Wicklow Bray Wurzburg Road,2017,PM2.5,5.176,-6.1217,53.1872
Dublin Finglas Mellowes Road,2017,PM2.5,8.02,-6.3053,53.3903
Dublin Coleraine Street,2017,PM2.5,8.02,-6.2667,53.3472
Dublin Rathmines Wynnefield Road,2017,PM2.5,8.52,-6.2672,53.322
Longford Town Dublin Road Railway,2018,PM2.5,9.212,-7.7914,53.7256
Waterford Waterford City Paddy Brownes Road,2018,PM2.5,9.424,-7.1516,52.2471
Cork Ballinlough Heatherton Park,2018,PM2.5,7.674,-8.4571,51.8819
Dublin Finglas Mellowes Road,2018,PM2.5,8.345,-6.3053,53.3903
Dublin Raheny Saint Anne's Park,2018,PM2.5,6.544,-6.1726,53.3688
Dublin Phoenix Park Ordnance Survey Road,2018,PM2.5,5.679,-6.349,53.3644
Dublin Inchicore Davitt Road,2018,PM2.5,7.999,-6.309,53.3363
Dublin Kilmainham St. John's Road West,2018,PM2.5,9.316,-6.2948,53.3458
Clare Ennis Drumbiggle Road,2018,PM2.5,10.139,-8.9893,52.8432
Wicklow Bray Wurzburg Road,2018,PM2.5,6.161,-6.1217,53.1872
Wexford Enniscorthy Parnell Road,2018,PM2.5,12.907,-6.5708,52.4985
Cork Cobh Carrignafoy,2018,PM2.5,8.831,-8.2878,51.855
Roscommon Roscommon Town County Council Offices,2018,PM2.5,8.831,-8.1944,53.6294
Carlow Carlow Town County Council Offices,2018,PM2.5,8.173,-6.9317,52.8397
Mayo Claremorris,2018,PM2.5,6.345,-9.0127,53.7039
Dublin Marino Brian Road,2018,PM2.5,5.784,-6.2279,53.3682
Dublin Ballyfermot Library,2018,PM2.5,NA,-6.3523,53.3405
Cork UCC Distillery Fields,2018,PM2.5,8.76,-8.4864,51.9001
Dublin Rathmines Wynnefield Road,2018,PM2.5,9.435,-6.2672,53.322
Dublin Ringsend recycling Centre,2018,PM2.5,7.729,-6.2141,53.3419
Cork Cobh Carrignafoy,2019,PM2.5,8.401,-8.2878,51.855
Clare Ennis Drumbiggle Road,2019,PM2.5,16.036,-8.9893,52.8432
Carlow Carlow Town County Council Offices,2019,PM2.5,7.603,-6.9317,52.8397
Dublin Raheny Saint Anne's Park,2019,PM2.5,7.572,-6.1726,53.3688
Wexford Enniscorthy Parnell Road,2019,PM2.5,14.082,-6.5708,52.4985
Mayo Claremorris,2019,PM2.5,4.256,-9.0127,53.7039
Dublin Dun Laoghaire The Glen,2019,PM2.5,9.912,-6.1319,53.2858
Longford Town Dublin Road Railway,2019,PM2.5,8.583,-7.7914,53.7256
Roscommon Roscommon Town County Council Offices,2019,PM2.5,8.595,-8.1944,53.6294
Wicklow Bray Wurzburg Road,2019,PM2.5,6.543,-6.1217,53.1872
Dublin Marino Brian Road,2019,PM2.5,9.323,-6.2279,53.3682
Dublin Ballyfermot Library,2019,PM2.5,9.468,-6.3523,53.3405
Dublin Phoenix Park Ordnance Survey Road,2019,PM2.5,7.793,-6.349,53.3644
Waterford Waterford City Paddy Brownes Road,2019,PM2.5,10.505,-7.1516,52.2471
Dublin Finglas Mellowes Road,2019,PM2.5,8.66,-6.3053,53.3903
Dublin Inchicore Davitt Road,2019,PM2.5,10.5,-6.309,53.3363
Cork Ballinlough Heatherton Park,2019,PM2.5,8.456,-8.4571,51.8819
Cork UCC Distillery Fields,2019,PM2.5,7.924,-8.4864,51.9001
Dublin Rathmines Wynnefield Road,2019,PM2.5,10.434,-6.2672,53.322
Dublin Ringsend recycling Centre,2019,PM2.5,9.672,-6.2141,53.3419
Dublin Kilmainham St. John's Road West,2019,PM2.5,8.483,-6.2948,53.3458
Clare Ennis Drumbiggle Road,2020,PM2.5,14.382,-8.9893,52.8432
Offaly Birr,2020,PM2.5,6.391,-7.9085,53.0945
Cork Macroom Council Yard,2020,PM2.5,10.995,-8.9529,51.9047
Cork Cobh Carrignafoy,2020,PM2.5,8.039,-8.2878,51.855
Carlow Carlow Town County Council Offices,2020,PM2.5,7.23,-6.9317,52.8397
Donegal Letterkenny Library,2020,PM2.5,11.138,-7.7352,54.9545
Wicklow Bray Wurzburg Road,2020,PM2.5,5.184,-6.1217,53.1872
Dublin Marino Brian Road,2020,PM2.5,8.022,-6.2279,53.3682
Dublin Ringsend recycling Centre,2020,PM2.5,7.801,-6.2141,53.3419
Cork UCC Distillery Fields,2020,PM2.5,6.654,-8.4864,51.9001
Dublin Pearse St.,2020,PM2.5,7.751,-6.2543,53.345
Dublin Blanchardstown River Road,2020,PM2.5,7.028,-6.3699,53.3856
Wexford Wexford Town Opera House,2020,PM2.5,8.088,-6.4616,52.3374
Dublin Inchicore Davitt Road,2020,PM2.5,8.797,-6.309,53.3363
Waterford Waterford City Paddy Brownes Road,2020,PM2.5,9.62,-7.1516,52.2471
Cavan Cavan Town Court House,2020,PM2.5,5.987,-7.3628,53.9936
Roscommon Roscommon Town County Council Offices,2020,PM2.5,7.07,-8.1944,53.6294
Dublin Dun Laoghaire The Glen,2020,PM2.5,7.623,-6.1319,53.2858
Wexford Enniscorthy Parnell Road,2020,PM2.5,12.333,-6.5708,52.4985
Tipperary Town,2020,PM2.5,7.943,-8.1564,52.4792
Westmeath Athlone,2020,PM2.5,11.92,-7.9377,53.4248
Kerry Tralee Library,2020,PM2.5,11.742,-9.6979,52.2673
Longford Town Dublin Road Railway,2020,PM2.5,8.544,-7.7914,53.7256
Tipperary Clonmel,2020,PM2.5,7.797,-7.6994,52.3547
Laois Portlaoise Dublin Road,2020,PM2.5,8.281,-7.2887,53.0361
Mayo Claremorris,2020,PM2.5,5.14,-9.0127,53.7039
Meath Navan,2020,PM2.5,8.392,-6.6893,53.6556
Dublin Tallaght Old Bawn Road,2020,PM2.5,6.518,-6.3588,53.2805
Dublin Ballyfermot Library,2020,PM2.5,7.648,-6.3523,53.3405
Dublin Finglas Mellowes Road,2020,PM2.5,7.394,-6.3053,53.3903
Cork Ballinlough Heatherton Park,2020,PM2.5,7.691,-8.4571,51.8819
Dublin Phoenix Park Ordnance Survey Road,2020,PM2.5,6.688,-6.349,53.3644
Dublin Raheny Saint Anne's Park,2020,PM2.5,6.668,-6.1726,53.3688
Dublin Rathmines Wynnefield Road,2020,PM2.5,7.562,-6.2672,53.322
Dublin Kilmainham St. John's Road West,2020,PM2.5,7.189,-6.2948,53.3458
Limerick Peoples Park,2020,PM2.5,8.509,-8.6287,52.6586
Offaly Birr,2021,PM2.5,7.936,-7.9085,53.0945
Roscommon Roscommon Town County Council Offices,2021,PM2.5,7.143,-8.1944,53.6294
Clare Ennis Drumbiggle Road,2021,PM2.5,14.496,-8.9893,52.8432
Carlow Carlow Town County Council Offices,2021,PM2.5,7.016,-6.9317,52.8397
Wicklow Bray Wurzburg Road,2021,PM2.5,5.598,-6.1217,53.1872
Cork Macroom Council Yard,2021,PM2.5,10.091,-8.9529,51.9047
Dublin Blanchardstown River Road,2021,PM2.5,7.709,-6.3699,53.3856
Cork Ballinlough Heatherton Park,2021,PM2.5,7.671,-8.4571,51.8819
Dublin Ringsend recycling Centre,2021,PM2.5,8.183,-6.2141,53.3419
Dublin Finglas Mellowes Road,2021,PM2.5,7.547,-6.3053,53.3903
Dublin Raheny Saint Anne's Park,2021,PM2.5,6.882,-6.1726,53.3688
Dublin Marino Brian Road,2021,PM2.5,7.879,-6.2279,53.3682
Westmeath Athlone,2021,PM2.5,9.179,-7.9377,53.4248
Dublin Tallaght Old Bawn Road,2021,PM2.5,6.421,-6.3588,53.2805
Wexford Wexford Town Opera House,2021,PM2.5,9.516,-6.4616,52.3374
Donegal Letterkenny Library,2021,PM2.5,11.254,-7.7352,54.9545
Laois Portlaoise Dublin Road,2021,PM2.5,8.139,-7.2887,53.0361
Cork Cobh Carrignafoy,2021,PM2.5,7.433,-8.2878,51.855
Meath Navan,2021,PM2.5,8.165,-6.6893,53.6556
Longford Town Dublin Road Railway,2021,PM2.5,9.421,-7.7914,53.7256
Tipperary Town,2021,PM2.5,8.595,-8.1564,52.4792
Kerry Tralee Library,2021,PM2.5,12.653,-9.6979,52.2673
Dublin Dun Laoghaire The Glen,2021,PM2.5,7.476,-6.1319,53.2858
Cavan Cavan Town Court House,2021,PM2.5,7.374,-7.3628,53.9936
Tipperary Clonmel,2021,PM2.5,7.269,-7.6994,52.3547
Wexford Enniscorthy Parnell Road,2021,PM2.5,9.754,-6.5708,52.4985
Dublin Ballyfermot Library,2021,PM2.5,7.808,-6.3523,53.3405
Waterford Waterford City Paddy Brownes Road,2021,PM2.5,9.36,-7.1516,52.2471
Cork UCC Distillery Fields,2021,PM2.5,6.69,-8.4864,51.9001
Dublin Inchicore Davitt Road,2021,PM2.5,8.533,-6.309,53.3363
Dublin Phoenix Park Ordnance Survey Road,2021,PM2.5,6.379,-6.349,53.3644
Dublin Kilmainham St. John's Road West,2021,PM2.5,7.592,-6.2948,53.3458
Dublin Rathmines Wynnefield Road,2021,PM2.5,9.331,-6.2672,53.322
Dublin Pearse St.,2021,PM2.5,8.447,-6.2543,53.345
Limerick Peoples Park,2021,PM2.5,8.789,-8.6287,52.6586
Tipperary Town,2022,PM2.5,9.064,-8.1564,52.4792
Clare Ennis Drumbiggle Road,2022,PM2.5,15.644,-8.9893,52.8432
Louth Drogheda,2022,PM2.5,6.91,-6.32,53.7322
Mayo Claremorris,2022,PM2.5,5.367,-9.0127,53.7039
Longford Town Dublin Road Railway,2022,PM2.5,10.892,-7.7914,53.7256
Roscommon Roscommon Town County Council Offices,2022,PM2.5,7.577,-8.1944,53.6294
Cork Macroom Council Yard,2022,PM2.5,11.033,-8.9529,51.9047
Donegal Letterkenny Library,2022,PM2.5,10.962,-7.7352,54.9545
Tipperary Clonmel,2022,PM2.5,7.288,-7.6994,52.3547
Wicklow Bray Wurzburg Road,2022,PM2.5,5.732,-6.1217,53.1872
Carlow Carlow Town County Council Offices,2022,PM2.5,7.378,-6.9317,52.8397
Wexford Enniscorthy Parnell Road,2022,PM2.5,10.228,-6.5708,52.4985
Dublin Dublin Airport,2022,PM2.5,6.669,-6.2304,53.4344
Kildare Leixlip,2022,PM2.5,7.046,-6.4867,53.3719
Dublin Blanchardstown River Road,2022,PM2.5,7.848,-6.3699,53.3856
Dublin Dublin Port,2022,PM2.5,8.326,-6.2039,53.3527
Dublin Raheny Saint Anne's Park,2022,PM2.5,7.833,-6.1726,53.3688
Dublin Ballyfermot Library,2022,PM2.5,7.529,-6.3523,53.3405
Cork Lower Glanmire Road,2022,PM2.5,NA,-8.4621,51.9017
Dublin Inchicore Davitt Road,2022,PM2.5,8.64,-6.309,53.3363
Dublin Clonskeagh Road Richview,2022,PM2.5,6.998,-6.2353,53.3118
Offaly Edenderry,2022,PM2.5,13.438,-7.0475,53.3425
Limerick Shannon Estuary Asketon,2022,PM2.5,5.476,-8.9542,52.6392
Cork Cobh Carrignafoy,2022,PM2.5,7.584,-8.2878,51.855
Kerry Killarney,2022,PM2.5,5.622,-9.5049,52.0583
Wicklow Greystones,2022,PM2.5,6.87,-6.0703,53.1499
Louth Dundalk Meadow Grove,2022,PM2.5,19.817,-6.3926,54.0031
Dublin Dun Laoghaire The Glen,2022,PM2.5,7.751,-6.1319,53.2858
Offaly Birr,2022,PM2.5,9.493,-7.9085,53.0945
Laois Portlaoise Dublin Road,2022,PM2.5,8.119,-7.2887,53.0361
Kerry Tralee Library,2022,PM2.5,12.889,-9.6979,52.2673
Leitrim Carrick-on-Shannon,2022,PM2.5,6.344,-8.0865,53.9446
Dublin Tallaght Old Bawn Road,2022,PM2.5,6.248,-6.3588,53.2805
Cork Mallow,2022,PM2.5,7.47,-8.6407,52.134
Cavan Cavan Town Court House,2022,PM2.5,7.343,-7.3628,53.9936
Westmeath Athlone,2022,PM2.5,8.931,-7.9377,53.4248
Meath Navan,2022,PM2.5,8.328,-6.6893,53.6556
Wexford Wexford Town Opera House,2022,PM2.5,9.722,-6.4616,52.3374
Dublin Marino Brian Road,2022,PM2.5,8.886,-6.2279,53.3682
Cork UCC Distillery Fields,2022,PM2.5,5.213,-8.4864,51.9001
Dublin Phoenix Park Ordnance Survey Road,2022,PM2.5,6.31,-6.349,53.3644
Cork Ballinlough Heatherton Park,2022,PM2.5,5.409,-8.4571,51.8819
Dublin Finglas Mellowes Road,2022,PM2.5,7.259,-6.3053,53.3903
Waterford Waterford City Paddy Brownes Road,2022,PM2.5,9.877,-7.1516,52.2471
Dublin Ringsend recycling Centre,2022,PM2.5,7.74,-6.2141,53.3419
Limerick Henry Street,2022,PM2.5,8.43,-8.6316,52.6613
Dublin Pearse St.,2022,PM2.5,7.794,-6.2543,53.345
Limerick Peoples Park,2022,PM2.5,9.271,-8.6287,52.6586
Dublin Kilmainham St. John's Road West,2022,PM2.5,8.124,-6.2948,53.3458
Galway Eyre Square,2022,PM2.5,NA,-9.0485,53.274
Kildare Naas,2022,PM2.5,7.511,-6.6591,53.2181
Dublin Rathmines Wynnefield Road,2022,PM2.5,7.54,-6.2672,53.322
Dublin Swords Watery Lane,2023,PM2.5,5.753,-6.2235,53.4638
Kerry Killarney,2023,PM2.5,5.404,-9.5049,52.0583
Longford Town Dublin Road Railway,2023,PM2.5,10.892,-7.7914,53.7256
Carlow Carlow Town County Council Offices,2023,PM2.5,6.494,-6.9317,52.8397
Meath Navan,2023,PM2.5,7.501,-6.6893,53.6556
Tipperary Clonmel,2023,PM2.5,6.057,-7.6994,52.3547
Dublin Dublin Airport,2023,PM2.5,6.179,-6.2304,53.4344
Dublin Tallaght Old Bawn Road,2023,PM2.5,5.898,-6.3588,53.2805
Dublin Clonskeagh Road Richview,2023,PM2.5,6.415,-6.2353,53.3118
Wexford Enniscorthy Parnell Road,2023,PM2.5,9.029,-6.5708,52.4985
Leitrim Carrick-on-Shannon,2023,PM2.5,5.404,-8.0865,53.9446
Offaly Birr,2023,PM2.5,8.285,-7.9085,53.0945
Louth Drogheda,2023,PM2.5,6.021,-6.32,53.7322
Dublin Marino Brian Road,2023,PM2.5,7.2,-6.2279,53.3682
Dublin Dublin Port,2023,PM2.5,7.782,-6.2039,53.3527
Waterford Waterford City Paddy Brownes Road,2023,PM2.5,7.771,-7.1516,52.2471
Dublin Phoenix Park Ordnance Survey Road,2023,PM2.5,5.563,-6.349,53.3644
Limerick Henry Street,2023,PM2.5,6.471,-8.6316,52.6613
Dublin Inchicore Davitt Road,2023,PM2.5,6.962,-6.309,53.3363
Dublin Ringsend recycling Centre,2023,PM2.5,6.616,-6.2141,53.3419
Galway Briarhill,2023,PM2.5,7.11,-8.987,53.2921
Offaly Edenderry,2023,PM2.5,12.448,-7.0475,53.3425
Cork Mallow,2023,PM2.5,6.092,-8.6407,52.134
Dublin Dun Laoghaire The Glen,2023,PM2.5,7.356,-6.1319,53.2858
Cork Cork Port,2023,PM2.5,7.053,-8.3209,51.8306
Wicklow Bray Wurzburg Road,2023,PM2.5,5.732,-6.1217,53.1872
Limerick Shannon Estuary Asketon,2023,PM2.5,4.757,-8.9542,52.6392
Dublin Lucan,2023,PM2.5,6.947,-6.4503,53.3492
Roscommon Roscommon Town County Council Offices,2023,PM2.5,6.405,-8.1944,53.6294
Cork Cobh Carrignafoy,2023,PM2.5,6.801,-8.2878,51.855
Westmeath Athlone,2023,PM2.5,8.271,-7.9377,53.4248
Cork Clonakilty,2023,PM2.5,8.495,-8.8892,51.6225
Tipperary Town,2023,PM2.5,6.713,-8.1564,52.4792
Donegal Malin Head,2023,PM2.5,6.817,-7.3389,55.3722
Kildare Leixlip,2023,PM2.5,6.446,-6.4867,53.3719
Clare Ennis Drumbiggle Road,2023,PM2.5,15.644,-8.9893,52.8432
Dublin Blanchardstown River Road,2023,PM2.5,7.125,-6.3699,53.3856
Kerry Tralee Library,2023,PM2.5,9.982,-9.6979,52.2673
Wexford Wexford Town Opera House,2023,PM2.5,8.372,-6.4616,52.3374
Mayo Claremorris,2023,PM2.5,5.367,-9.0127,53.7039
Donegal Letterkenny Library,2023,PM2.5,9.873,-7.7352,54.9545
Galway Ballinalsoe,2023,PM2.5,10.24,-8.2241,53.3287
Cork Macroom Council Yard,2023,PM2.5,7.334,-8.9529,51.9047
Wicklow Greystones,2023,PM2.5,5.682,-6.0703,53.1499
Cork Carrigaline,2023,PM2.5,7.317,-8.3876,51.8154
Louth Dundalk Meadow Grove,2023,PM2.5,8.881,-6.3926,54.0031
Cavan Cavan Town Court House,2023,PM2.5,6.447,-7.3628,53.9936
Laois Portlaoise Dublin Road,2023,PM2.5,7.415,-7.2887,53.0361
Cork UCC Distillery Fields,2023,PM2.5,NA,-8.4864,51.9001
Cork Bishopstown MTU,2023,PM2.5,6.533,-8.533,51.8841
Dublin Ballyfermot Library,2023,PM2.5,5.898,-6.3523,53.3405
Dublin Raheny Saint Anne's Park,2023,PM2.5,6.521,-6.1726,53.3688
Cork Ballinlough Heatherton Park,2023,PM2.5,5.786,-8.4571,51.8819
Dublin Finglas Mellowes Road,2023,PM2.5,6.555,-6.3053,53.3903
Wateford Merchants Quay,2023,PM2.5,8.372,-7.1179,52.2638
Dublin Rathmines Wynnefield Road,2023,PM2.5,7.157,-6.2672,53.322
Cork Lower Glanmire Road,2023,PM2.5,7.609,-8.4621,51.9017
Galway Eyre Square,2023,PM2.5,8.415,-9.0485,53.274
Dublin Kilmainham St. John's Road West,2023,PM2.5,7.097,-6.2948,53.3458
Dublin Pearse St.,2023,PM2.5,7.391,-6.2543,53.345
Kildare Naas,2023,PM2.5,6.62,-6.6591,53.2181
Limerick Peoples Park,2023,PM2.5,7.15,-8.6287,52.6586
Wicklow Greystones,2024,PM2.5,6.319,-6.0703,53.1499
Cork Cork Port,2024,PM2.5,6.438,-8.3209,51.8306
Kildare Leixlip,2024,PM2.5,6.718,-6.4867,53.3719
Cork Macroom Council Yard,2024,PM2.5,7.987,-8.9529,51.9047
Kerry Tralee Library,2024,PM2.5,11.031,-9.6979,52.2673
Galway Ballinalsoe,2024,PM2.5,9.376,-8.2241,53.3287
Offaly Edenderry,2024,PM2.5,11.996,-7.0475,53.3425
Dublin Blanchardstown River Road,2024,PM2.5,7.278,-6.3699,53.3856
Kerry Killarney,2024,PM2.5,7.01,-9.5049,52.0583
Westmeath Athlone,2024,PM2.5,8.617,-7.9377,53.4248
Louth Dundalk Meadow Grove,2024,PM2.5,8.186,-6.3926,54.0031
Louth Drogheda,2024,PM2.5,6.328,-6.32,53.7322
Leitrim Carrick-on-Shannon,2024,PM2.5,6.029,-8.0865,53.9446
Wicklow Bray Wurzburg Road,2024,PM2.5,5.773,-6.1217,53.1872
Galway Briarhill,2024,PM2.5,7.018,-8.987,53.2921
Limerick Peoples Park,2024,PM2.5,7.974,-8.6287,52.6586
Dublin Ringsend recycling Centre,2024,PM2.5,7.144,-6.2141,53.3419
Cork Bishopstown MTU,2024,PM2.5,6.429,-8.533,51.8841
Dublin Raheny Saint Anne's Park,2024,PM2.5,6.541,-6.1726,53.3688
Cork Lower Glanmire Road,2024,PM2.5,7.789,-8.4621,51.9017
Dublin Ballyfermot Library,2024,PM2.5,7.38,-6.3523,53.3405
Dublin Dublin Port,2024,PM2.5,7.433,-6.2039,53.3527
Cork Mallow,2024,PM2.5,6.393,-8.6407,52.134
Tipperary Clonmel,2024,PM2.5,6.757,-7.6994,52.3547
Dublin Lucan,2024,PM2.5,7.32,-6.4503,53.3492
Wexford Wexford Town Opera House,2024,PM2.5,8.874,-6.4616,52.3374
Roscommon Roscommon Town County Council Offices,2024,PM2.5,6.405,-8.1944,53.6294
Dublin Dun Laoghaire The Glen,2024,PM2.5,7.529,-6.1319,53.2858
Carlow Carlow Town County Council Offices,2024,PM2.5,6.994,-6.9317,52.8397
Donegal Malin Head,2024,PM2.5,7.313,-7.3389,55.3722
Dublin Clonskeagh Road Richview,2024,PM2.5,7.272,-6.2353,53.3118
Dublin Dublin Airport,2024,PM2.5,6.573,-6.2304,53.4344
Offaly Birr,2024,PM2.5,8.305,-7.9085,53.0945
Limerick Shannon Estuary Asketon,2024,PM2.5,4.941,-8.9542,52.6392
Cork Clonakilty,2024,PM2.5,NA,-8.8892,51.6225
Cork Carrigaline,2024,PM2.5,NA,-8.3876,51.8154
Cavan Cavan Town Court House,2024,PM2.5,6.987,-7.3628,53.9936
Meath Navan,2024,PM2.5,7.899,-6.6893,53.6556
Tipperary Town,2024,PM2.5,6.923,-8.1564,52.4792
Donegal Letterkenny Library,2024,PM2.5,10.301,-7.7352,54.9545
Wexford Enniscorthy Parnell Road,2024,PM2.5,9.675,-6.5708,52.4985
Dublin Swords Watery Lane,2024,PM2.5,6.353,-6.2235,53.4638
Mayo Claremorris,2024,PM2.5,5.351,-9.0127,53.7039
Cork Cobh Carrignafoy,2024,PM2.5,6.755,-8.2878,51.855
Longford Town Dublin Road Railway,2024,PM2.5,9.485,-7.7914,53.7256
Laois Portlaoise Dublin Road,2024,PM2.5,8.152,-7.2887,53.0361
Clare Ennis Drumbiggle Road,2024,PM2.5,12.259,-8.9893,52.8432
Dublin Kilmainham St. John's Road West,2024,PM2.5,7.914,-6.2948,53.3458
Cork Ballinlough Heatherton Park,2024,PM2.5,7.187,-8.4571,51.8819
Galway Eyre Square,2024,PM2.5,7.702,-9.0485,53.274
Dublin Marino Brian Road,2024,PM2.5,7.632,-6.2279,53.3682
Cork UCC Distillery Fields,2024,PM2.5,5.52,-8.4864,51.9001
Limerick Henry Street,2024,PM2.5,6.856,-8.6316,52.6613
Wateford Merchants Quay,2024,PM2.5,8.297,-7.1179,52.2638
Dublin Phoenix Park Ordnance Survey Road,2024,PM2.5,7.54,-6.349,53.3644
Waterford Waterford City Paddy Brownes Road,2024,PM2.5,7.489,-7.1516,52.2471
Dublin Finglas Mellowes Road,2024,PM2.5,7.038,-6.3053,53.3903
Dublin Rathmines Wynnefield Road,2024,PM2.5,7.794,-6.2672,53.322
Dublin Pearse St.,2024,PM2.5,7.913,-6.2543,53.345
Dublin Inchicore Davitt Road,2024,PM2.5,7.927,-6.309,53.3363
Kildare Naas,2024,PM2.5,7.135,-6.6591,53.2181
Dublin Tallaght Old Bawn Road,2024,PM2.5,6.223,-6.3588,53.2805
Dublin Clonskeagh Road Richview,2025,PM2.5,9.238,-6.2353,53.3118
Roscommon Roscommon Town County Council Offices,2025,PM2.5,8.752,-8.1944,53.6294
Dublin Amiens Street,2025,PM2.5,4.131,-6.249,53.3524
Dublin Lucan,2025,PM2.5,9.521,-6.4503,53.3492
Meath Navan,2025,PM2.5,9.863,-6.6893,53.6556
Louth Drogheda,2025,PM2.5,8.492,-6.32,53.7322
Wexford Wexford Town Opera House,2025,PM2.5,11.38,-6.4616,52.3374
Tipperary Clonmel,2025,PM2.5,8.448,-7.6994,52.3547
Dublin Swords Watery Lane,2025,PM2.5,8.356,-6.2235,53.4638
Dublin Dun Laoghaire The Glen,2025,PM2.5,9.327,-6.1319,53.2858
Kildare Leixlip,2025,PM2.5,8.806,-6.4867,53.3719
Limerick Peoples Park,2025,PM2.5,8.653,-8.6287,52.6586
Dublin Ballyfermot Library,2025,PM2.5,9.528,-6.3523,53.3405
Limerick Henry Street,2025,PM2.5,8.013,-8.6316,52.6613
Laois Portlaoise Dublin Road,2025,PM2.5,9.711,-7.2887,53.0361
Dublin Blanchardstown River Road,2025,PM2.5,7.966,-6.3699,53.3856
Cork Clonakilty,2025,PM2.5,NA,-8.8892,51.6225
Carlow Carlow Town County Council Offices,2025,PM2.5,8.96,-6.9317,52.8397
Cork Mallow,2025,PM2.5,7.534,-8.6407,52.134
Westmeath Athlone,2025,PM2.5,9.108,-7.9377,53.4248
Dublin Dublin Airport,2025,PM2.5,7.804,-6.2304,53.4344
Cork Macroom Council Yard,2025,PM2.5,9.691,-8.9529,51.9047
Sligo Sligo Town,2025,PM2.5,4.149,-8.4804,54.2673
Kerry Tralee Library,2025,PM2.5,11.931,-9.6979,52.2673
Offaly Birr,2025,PM2.5,9.101,-7.9085,53.0945
Clare Ennis Drumbiggle Road,2025,PM2.5,13.406,-8.9893,52.8432
Donegal Malin Head,2025,PM2.5,8.843,-7.3389,55.3722
Wicklow Greystones,2025,PM2.5,7.875,-6.0703,53.1499
Cork Cobh Carrignafoy,2025,PM2.5,8.315,-8.2878,51.855
Dublin Tallaght Old Bawn Road,2025,PM2.5,7.495,-6.3588,53.2805
Louth Dundalk Meadow Grove,2025,PM2.5,10.37,-6.3926,54.0031
Offaly Edenderry,2025,PM2.5,12.387,-7.0475,53.3425
Limerick Shannon Estuary Asketon,2025,PM2.5,5.873,-8.9542,52.6392
Cork Carrigaline,2025,PM2.5,NA,-8.3876,51.8154
Galway Ballinalsoe,2025,PM2.5,11.138,-8.2241,53.3287
Tipperary Town,2025,PM2.5,10.463,-8.1564,52.4792
Leitrim Carrick-on-Shannon,2025,PM2.5,7.635,-8.0865,53.9446
Cork Cork Port,2025,PM2.5,NA,-8.3209,51.8306
Wexford Enniscorthy Parnell Road,2025,PM2.5,11.356,-6.5708,52.4985
Kerry Killarney,2025,PM2.5,7.721,-9.5049,52.0583
Longford Town Dublin Road Railway,2025,PM2.5,10.255,-7.7914,53.7256
Wicklow Bray Wurzburg Road,2025,PM2.5,7.311,-6.1217,53.1872
Cavan Cavan Town Court House,2025,PM2.5,8.314,-7.3628,53.9936
Mayo Claremorris,2025,PM2.5,7.026,-9.0127,53.7039
Donegal Letterkenny Library,2025,PM2.5,10.698,-7.7352,54.9545
Cork UCC Distillery Fields,2025,PM2.5,8.866,-8.4864,51.9001
Cork Bishopstown MTU,2025,PM2.5,8.342,-8.533,51.8841
Cork Lower Glanmire Road,2025,PM2.5,9.209,-8.4621,51.9017
Dublin Marino Brian Road,2025,PM2.5,11.385,-6.2279,53.3682
Galway Briarhill,2025,PM2.5,7.559,-8.987,53.2921
Dublin Phoenix Park Ordnance Survey Road,2025,PM2.5,8.343,-6.349,53.3644
Dublin Finglas Mellowes Road,2025,PM2.5,8.683,-6.3053,53.3903
Dublin Ringsend recycling Centre,2025,PM2.5,9.228,-6.2141,53.3419
Dublin Raheny Saint Anne's Park,2025,PM2.5,8.314,-6.1726,53.3688
Wateford Merchants Quay,2025,PM2.5,9.3,-7.1179,52.2638
Dublin Kilmainham St. John's Road West,2025,PM2.5,10.201,-6.2948,53.3458
Dublin Winetavern Street,2025,PM2.5,2.9,-6.2889,53.3417
Dublin Rathmines Wynnefield Road,2025,PM2.5,9.9,-6.2672,53.322
Waterford Waterford City Paddy Brownes Road,2025,PM2.5,11.246,-7.1516,52.2471
Dublin Pearse St.,2025,PM2.5,9.59,-6.2543,53.345
Dublin Inchicore Davitt Road,2025,PM2.5,10.918,-6.309,53.3363
Dublin Dublin Port,2025,PM2.5,8.761,-6.2039,53.3527
Cork Ballinlough Heatherton Park,2025,PM2.5,8.574,-8.4571,51.8819
Galway Eyre Square,2025,PM2.5,8.746,-9.0485,53.274
Kildare Naas,2025,PM2.5,8.263,-6.6591,53.2181
