Year,Location,Latitude,Longitude,Covariate,Value
2001,NA,53.2819,-9.0494,PM10,25.55
2001,Dublin Phoenix Park Ordnance Survey Road,53.3644,-6.349,PM10,17.707
2001,Dublin Winetavern Street,53.3417,-6.2889,PM10,28.151
2001,NA,53.3472,-6.2667,PM10,26.554
2001,Dublin Marino Brian Road,53.3682,-6.2279,PM10,23.057
2001,NA,51.9,-8.475,PM10,26.039
2002,Dublin Rathmines Wynnefield Road,53.3539,-6.2781,PM10,19.018
2002,Dublin Phoenix Park Ordnance Survey Road,53.3644,-6.349,PM10,15.181
2002,Cork Ballinlough Heatherton Park,51.8819,-8.4571,PM10,21.307
2002,NA,53.33,-6.25,PM10,37.197
2002,Dublin Winetavern Street,53.3417,-6.2889,PM10,22.939
2002,NA,53.3472,-6.2667,PM10,20.633
2002,NA,51.9,-8.475,PM10,23.529
2002,Dublin Marino Brian Road,53.3682,-6.2279,PM10,23.549
2003,NA,53.2819,-9.0494,PM10,26.693
2003,NA,53.33,-6.25,PM10,40.343
2003,Dublin Rathmines Wynnefield Road,53.3539,-6.2781,PM10,23.394
2003,NA,53.3472,-6.2667,PM10,28.505
2003,Dublin Winetavern Street,53.3417,-6.2889,PM10,25.651
2003,NA,51.9,-8.475,PM10,25.674
2003,Dublin Phoenix Park Ordnance Survey Road,53.3644,-6.349,PM10,13.883
2003,Cork Ballinlough Heatherton Park,51.8819,-8.4571,PM10,20.546
2003,Dublin Ballyfermot Library,53.3405,-6.3523,PM10,18.794
2003,Dublin Marino Brian Road,53.3682,-6.2279,PM10,23.24
2004,NA,52.9983,-7.477,PM10,25.63
2004,NA,52.8336,-6.9219,PM10,16.693
2004,NA,53.2197,-6.66,PM10,17.33
2004,NA,52.2708,-9.6892,PM10,16.522
2004,Dublin Marino Brian Road,53.3682,-6.2279,PM10,14.263
2004,Cork Ballinlough Heatherton Park,51.8819,-8.4571,PM10,18.671
2004,NA,53.33,-6.25,PM10,31.18
2004,Dublin Rathmines Wynnefield Road,53.3539,-6.2781,PM10,16.794
2004,Dublin Phoenix Park Ordnance Survey Road,53.3644,-6.349,PM10,12.25
2004,NA,53.3472,-6.2667,PM10,20.262
2004,Dublin Ballyfermot Library,53.3405,-6.3523,PM10,14.314
2004,Dublin Winetavern Street,53.3417,-6.2889,PM10,20.075
2004,NA,51.9,-8.475,PM10,22.053
2004,NA,52.3561,-7.6958,PM10,20.157
2005,NA,52.3411,-6.4675,PM10,23.431
2005,Mayo Castlebar John Moore Road,53.8511,-9.2997,PM10,15.549
2005,NA,52.6494,-7.2592,PM10,12.757
2005,NA,53.3472,-6.2667,PM10,20.275
2005,NA,51.9,-8.475,PM10,19.185
2005,Dublin Rathmines Wynnefield Road,53.3539,-6.2781,PM10,18.929
2005,Dublin Phoenix Park Ordnance Survey Road,53.3644,-6.349,PM10,12.124
2005,Cork Ballinlough Heatherton Park,51.8819,-8.4571,PM10,17.271
2005,Dublin Winetavern Street,53.3417,-6.2889,PM10,19.27
2005,Dublin Ballyfermot Library,53.3405,-6.3523,PM10,15.063
2005,NA,53.2819,-9.0494,PM10,18.801
2005,Dublin Marino Brian Road,53.3682,-6.2279,PM10,14.315
2005,NA,52.9983,-7.477,PM10,16.611
2005,NA,53.7,-6.3158,PM10,16.758
2006,NA,52.3411,-6.4675,PM10,32.022
2006,NA,53.7,-6.3158,PM10,19.384
2006,NA,53.1997,-6.112,PM10,22.667
2006,Monaghan Kilkitt Waterworks,54.0661,-6.8831,PM10,10.162
2006,NA,51.9,-8.475,PM10,15.886
2006,Dublin Rathmines Wynnefield Road,53.3539,-6.2781,PM10,19.291
2006,Galway City Bodkin Roundabout,53.2817,-9.0492,PM10,13.344
2006,Dublin Marino Brian Road,53.3682,-6.2279,PM10,15.567
2006,Cork Ballinlough Heatherton Park,51.8819,-8.4571,PM10,18.089
2006,Dublin Winetavern Street,53.3417,-6.2889,PM10,19.966
2006,Mayo Castlebar John Moore Road,53.8511,-9.2997,PM10,16.17
2006,NA,53.2819,-9.0494,PM10,23.431
2006,Dublin Ballyfermot Library,53.3405,-6.3523,PM10,17.181
2006,NA,53.3472,-6.2667,PM10,21.178
2006,Dublin Phoenix Park Ordnance Survey Road,53.3644,-6.349,PM10,13.52
2006,NA,53.2675,-7.8297,PM10,16.528
2006,NA,52.8431,-8.9989,PM10,25.124
2007,NA,53.2675,-7.8297,PM10,20.496
2007,NA,51.8422,-8.3944,PM10,17.239
2007,NA,53.7314,-6.3194,PM10,18.366
2007,NA,52.8431,-8.9989,PM10,36.061
2007,Mayo Castlebar John Moore Road,53.8511,-9.2997,PM10,14.331
2007,Monaghan Kilkitt Waterworks,54.0661,-6.8831,PM10,10.095
2007,Dublin Winetavern Street,53.3417,-6.2889,PM10,18.301
2007,Dublin Marino Brian Road,53.3682,-6.2279,PM10,13.411
2007,Cork Ballinlough Heatherton Park,51.8819,-8.4571,PM10,16.669
2007,NA,52.2597,-7.1061,PM10,24.55
2007,Dublin Phoenix Park Ordnance Survey Road,53.3644,-6.349,PM10,11.715
2007,NA,53.3472,-6.2667,PM10,18.426
2007,NA,51.9,-8.475,PM10,14.527
2007,Dublin Ballyfermot Library,53.3405,-6.3523,PM10,14.824
2007,Dublin Rathmines Wynnefield Road,53.3539,-6.2781,PM10,18.618
2007,NA,53.6586,-6.6875,PM10,22.125
2007,Galway City Bodkin Roundabout,53.2817,-9.0492,PM10,15.886
2008,Dublin Blanchardstown River Road,53.3856,-6.3699,PM10,16.643
2008,NA,53.2519,-6.2661,PM10,17.02
2008,Dublin Dun Laoghaire The Glen,53.2858,-6.1319,PM10,15.076
2008,Dublin Tallaght Old Bawn Road,53.2805,-6.3588,PM10,13.187
2008,NA,53.7314,-6.3194,PM10,17.103
2008,NA,54.9589,-7.738,PM10,19.789
2008,Mayo Castlebar John Moore Road,53.8511,-9.2997,PM10,15.59
2008,Dublin Winetavern Street,53.3417,-6.2889,PM10,17.504
2008,Dublin Ballyfermot Library,53.3405,-6.3523,PM10,11.637
2008,Dublin Rathmines Wynnefield Road,53.3539,-6.2781,PM10,16.908
2008,Dublin Phoenix Park Ordnance Survey Road,53.3644,-6.349,PM10,10.75
2008,NA,53.3472,-6.2667,PM10,18.556
2008,Dublin Marino Brian Road,53.3682,-6.2279,PM10,12.621
2008,Monaghan Kilkitt Waterworks,54.0661,-6.8831,PM10,10.074
2008,Cork Ballinlough Heatherton Park,51.8819,-8.4571,PM10,14.886
2008,NA,51.9,-8.475,PM10,15.606
2008,Galway City Bodkin Roundabout,53.2817,-9.0492,PM10,17.741
2009,Dublin Tallaght Old Bawn Road,53.2805,-6.3588,PM10,11.544
2009,Dublin Blanchardstown River Road,53.3856,-6.3699,PM10,19.728
2009,NA,54.9589,-7.738,PM10,16.006
2009,NA,53.1894,-6.7958,PM10,13.578
2009,Clare Ennis Simms Lane,52.5035,-8.5919,PM10,15.748
2009,NA,53.7314,-6.3194,PM10,19.177
2009,Monaghan Kilkitt Waterworks,54.0661,-6.8831,PM10,7.552
2009,Dublin Winetavern Street,53.3417,-6.2889,PM10,17.286
2009,Dublin Phoenix Park Ordnance Survey Road,53.3644,-6.349,PM10,10.186
2009,Dublin Ballyfermot Library,53.3405,-6.3523,PM10,12.439
2009,Galway City Bodkin Roundabout,53.2817,-9.0492,PM10,13.961
2009,NA,53.3415,-6.2142,PM10,14.404
2009,Mayo Castlebar John Moore Road,53.8511,-9.2997,PM10,13.194
2009,NA,51.9,-8.475,PM10,18.166
2009,Dublin Rathmines Wynnefield Road,53.3539,-6.2781,PM10,14.74
2009,Dublin Dun Laoghaire The Glen,53.2858,-6.1319,PM10,15.363
2009,Cork Ballinlough Heatherton Park,51.8819,-8.4571,PM10,14.988
2010,Dublin Dun Laoghaire The Glen,53.2858,-6.1319,PM10,15.466
2010,Wicklow Bray Wurzburg Road,53.1872,-6.1217,PM10,12.725
2010,Dublin Tallaght Old Bawn Road,53.2805,-6.3588,PM10,11.788
2010,NA,53.2014,-6.3239,PM10,17.533
2010,Mayo Castlebar John Moore Road,53.8511,-9.2997,PM10,15.476
2010,Monaghan Kilkitt Waterworks,54.0661,-6.8831,PM10,9.545
2010,NA,53.1894,-6.7958,PM10,19.866
2010,NA,51.9,-8.475,PM10,22.181
2010,Cork Ballinlough Heatherton Park,51.8819,-8.4571,PM10,17.835
2010,Dublin Winetavern Street,53.3417,-6.2889,PM10,18.548
2010,Galway City Bodkin Roundabout,53.2817,-9.0492,PM10,16.354
2010,Dublin Phoenix Park Ordnance Survey Road,53.3644,-6.349,PM10,11.093
2010,NA,53.3415,-6.2142,PM10,23.102
2010,Clare Ennis Simms Lane,52.5035,-8.5919,PM10,27.493
2010,Dublin Ballyfermot Library,53.3405,-6.3523,PM10,12.537
2010,Dublin Rathmines Wynnefield Road,53.3539,-6.2781,PM10,18.134
2011,Dublin Dun Laoghaire The Glen,53.2858,-6.1319,PM10,14.778
2011,NA,53.2014,-6.3239,PM10,23.599
2011,NA,52.7063,-8.8778,PM10,11.341
2011,Clare Ennis Simms Lane,52.5035,-8.5919,PM10,21.188
2011,Mayo Castlebar John Moore Road,53.8511,-9.2997,PM10,14.327
2011,Mayo Claremorris,53.7039,-9.0127,PM10,11.518
2011,Dublin Tallaght Old Bawn Road,53.2805,-6.3588,PM10,13.218
2011,Monaghan Kilkitt Waterworks,54.0661,-6.8831,PM10,9.409
2011,NA,51.9,-8.475,PM10,20.645
2011,Galway City Bodkin Roundabout,53.2817,-9.0492,PM10,17.12
2011,Dublin Winetavern Street,53.3417,-6.2889,PM10,14.427
2011,Dublin Phoenix Park Ordnance Survey Road,53.3644,-6.349,PM10,11.99
2011,Cork Ballinlough Heatherton Park,51.8819,-8.4571,PM10,16.649
2011,Dublin Rathmines Wynnefield Road,53.3539,-6.2781,PM10,16.06
2011,Wicklow Bray Wurzburg Road,53.1872,-6.1217,PM10,12.599
2011,NA,53.3415,-6.2142,PM10,19.705
2011,Dublin Blanchardstown River Road,53.3856,-6.3699,PM10,15.926
2012,Clare Ennis Simms Lane,52.5035,-8.5919,PM10,19.204
2012,NA,53.5167,-7.3511,PM10,16.404
2012,Dublin Dun Laoghaire The Glen,53.2858,-6.1319,PM10,12.213
2012,Mayo Castlebar John Moore Road,53.8511,-9.2997,PM10,11.917
2012,Wicklow Bray Wurzburg Road,53.1872,-6.1217,PM10,16.712
2012,Monaghan Kilkitt Waterworks,54.0661,-6.8831,PM10,8.81
2012,Dublin Winetavern Street,53.3417,-6.2889,PM10,12.642
2012,Dublin Phoenix Park Ordnance Survey Road,53.3644,-6.349,PM10,11.023
2012,NA,51.9,-8.475,PM10,17.011
2012,Dublin Rathmines Wynnefield Road,53.3539,-6.2781,PM10,14.206
2012,NA,53.3415,-6.2142,PM10,20.254
2012,Mayo Claremorris,53.7039,-9.0127,PM10,10.355
2012,Cork Ballinlough Heatherton Park,51.8819,-8.4571,PM10,13.277
2012,NA,52.7063,-8.8778,PM10,10.71
2012,Galway City Bodkin Roundabout,53.2817,-9.0492,PM10,15.607
2012,NA,53.614,-6.1906,PM10,17.266
2013,Dublin Inchicore Davitt Road,53.3363,-6.309,PM10,13.188
2013,Cork Ballinlough Heatherton Park,51.8819,-8.4571,PM10,15.104
2013,Galway City Bodkin Roundabout,53.2817,-9.0492,PM10,20.782
2013,Dublin Raheny Saint Anne's Park,53.3688,-6.1726,PM10,19.388
2013,Cork South Link Road Landfill,51.9111,-8.475,PM10,18.652
2013,Dublin Winetavern Street,53.3417,-6.2889,PM10,13.647
2013,Dublin Ballyfermot Library,53.3405,-6.3523,PM10,12.226
2013,Dublin Finglas Mellowes Road,53.3903,-6.3053,PM10,14.664
2013,Monaghan Kilkitt Waterworks,54.0661,-6.8831,PM10,10.503
2013,Wicklow Bray Wurzburg Road,53.1872,-6.1217,PM10,19.779
2013,Mayo Castlebar John Moore Road,53.8511,-9.2997,PM10,14.894
2013,Dublin Tallaght Old Bawn Road,53.2805,-6.3588,PM10,16.724
2013,Mayo Claremorris,53.7039,-9.0127,PM10,13.232
2013,Dublin Blanchardstown River Road,53.3856,-6.3699,PM10,19.813
2013,Dublin Dun Laoghaire The Glen,53.2858,-6.1319,PM10,17.176
2013,Dublin Rathmines Wynnefield Road,53.322,-6.2672,PM10,16.463
2014,Cork South Link Road Landfill,51.9111,-8.475,PM10,19.329
2014,Dublin Raheny Saint Anne's Park,53.3688,-6.1726,PM10,17.25
2014,Dublin Inchicore Davitt Road,53.3363,-6.309,PM10,12.729
2014,Galway City Bodkin Roundabout,53.2817,-9.0492,PM10,15.048
2014,Cork Ballinlough Heatherton Park,51.8819,-8.4571,PM10,16.192
2014,Laois Portlaoise Dublin Road,53.0361,-7.2887,PM10,24.246
2014,Monaghan Kilkitt Waterworks,54.0661,-6.8831,PM10,8.893
2014,Mayo Claremorris,53.7039,-9.0127,PM10,9.467
2014,Dublin Tallaght Old Bawn Road,53.2805,-6.3588,PM10,14.678
2014,Dublin Dun Laoghaire The Glen,53.2858,-6.1319,PM10,13.78
2014,Dublin Blanchardstown River Road,53.3856,-6.3699,PM10,17.54
2014,Wicklow Bray Wurzburg Road,53.1872,-6.1217,PM10,16.9
2014,Dublin Winetavern Street,53.3417,-6.2889,PM10,13.971
2014,Wexford Enniscorthy Parnell Road,52.4985,-6.5708,PM10,13.794
2015,Dublin Inchicore Davitt Road,53.3363,-6.309,PM10,13.235
2015,Cork South Link Road Landfill,51.9111,-8.475,PM10,17.125
2015,Dublin Phoenix Park Ordnance Survey Road,53.3644,-6.349,PM10,11.568
2015,Dublin Raheny Saint Anne's Park,53.3688,-6.1726,PM10,15.198
2015,Cork Ballinlough Heatherton Park,51.8819,-8.4571,PM10,12.471
2015,Galway City Bodkin Roundabout,53.2817,-9.0492,PM10,15.173
2015,Dublin Ballyfermot Library,53.3405,-6.3523,PM10,11.672
2015,Dublin Tallaght Old Bawn Road,53.2805,-6.3588,PM10,14.116
2015,Laois Portlaoise Dublin Road,53.0361,-7.2887,PM10,15.215
2015,Mayo Claremorris,53.7039,-9.0127,PM10,10.208
2015,Dublin Dun Laoghaire The Glen,53.2858,-6.1319,PM10,13.291
2015,Monaghan Kilkitt Waterworks,54.0661,-6.8831,PM10,9.22
2015,Mayo Castlebar John Moore Road,53.8511,-9.2997,PM10,12.946
2015,Dublin Rathmines Wynnefield Road,53.322,-6.2672,PM10,15.331
2015,Dublin Winetavern Street,53.3417,-6.2889,PM10,13.833
2015,Dublin Blanchardstown River Road,53.3856,-6.3699,PM10,17.384
2015,Clare Ennis Drumbiggle Road,52.8432,-8.9893,PM10,17.724
2015,Wexford Enniscorthy Parnell Road,52.4985,-6.5708,PM10,10.493
2016,Dublin Phoenix Park Ordnance Survey Road,53.3644,-6.349,PM10,10.505
2016,Dublin Ballyfermot Library,53.3405,-6.3523,PM10,10.651
2016,Cork Ballinlough Heatherton Park,51.8819,-8.4571,PM10,11.501
2016,Galway City Bodkin Roundabout,53.2817,-9.0492,PM10,15.261
2016,Dublin Inchicore Davitt Road,53.3363,-6.309,PM10,13.477
2016,Cork South Link Road Landfill,51.9111,-8.475,PM10,17.902
2016,Dublin Tallaght Old Bawn Road,53.2805,-6.3588,PM10,14.148
2016,Mayo Claremorris,53.7039,-9.0127,PM10,10.131
2016,Laois Portlaoise Dublin Road,53.0361,-7.2887,PM10,11.666
2016,Wexford Enniscorthy Parnell Road,52.4985,-6.5708,PM10,17.288
2016,Clare Ennis Drumbiggle Road,52.8432,-8.9893,PM10,17.233
2016,Mayo Castlebar John Moore Road,53.8511,-9.2997,PM10,11.901
2016,Dublin Dun Laoghaire The Glen,53.2858,-6.1319,PM10,12.871
2016,Dublin Rathmines Wynnefield Road,53.322,-6.2672,PM10,14.888
2016,Dublin Winetavern Street,53.3417,-6.2889,PM10,14.028
2016,Dublin Blanchardstown River Road,53.3856,-6.3699,PM10,17.547
2016,Monaghan Kilkitt Waterworks,54.0661,-6.8831,PM10,8.145
2017,Cork South Link Road Landfill,51.9111,-8.475,PM10,17.242
2017,Cork Ballinlough Heatherton Park,51.8819,-8.4571,PM10,10.39
2017,Dublin Winetavern Street,53.3417,-6.2889,PM10,12.934
2017,Dublin Phoenix Park Ordnance Survey Road,53.3644,-6.349,PM10,9.075
2017,Dublin Inchicore Davitt Road,53.3363,-6.309,PM10,13.409
2017,Dublin Ballyfermot Library,53.3405,-6.3523,PM10,11.992
2017,Mayo Claremorris,53.7039,-9.0127,PM10,10.799
2017,Clare Ennis Drumbiggle Road,52.8432,-8.9893,PM10,15.774
2017,Monaghan Kilkitt Waterworks,54.0661,-6.8831,PM10,7.834
2017,Dublin Dun Laoghaire The Glen,53.2858,-6.1319,PM10,11.785
2017,Mayo Castlebar John Moore Road,53.8511,-9.2997,PM10,11.154
2017,Laois Portlaoise Dublin Road,53.0361,-7.2887,PM10,13.396
2017,Dublin Tallaght Old Bawn Road,53.2805,-6.3588,PM10,11.785
2017,Dublin Blanchardstown River Road,53.3856,-6.3699,PM10,14.968
2017,Dublin Rathmines Wynnefield Road,53.322,-6.2672,PM10,13.439
2017,Dublin Ringsend recycling Centre,53.3419,-6.2141,PM10,13.396
2018,Dublin Finglas Mellowes Road,53.3903,-6.3053,PM10,10.697
2018,Dublin Ballyfermot Library,53.3405,-6.3523,PM10,15.832
2018,Dublin Raheny Saint Anne's Park,53.3688,-6.1726,PM10,10.522
2018,Waterford Waterford City Paddy Brownes Road,52.2471,-7.1516,PM10,13.473
2018,Dublin Marino Brian Road,53.3682,-6.2279,PM10,12.149
2018,Cork South Link Road Landfill,51.9111,-8.475,PM10,16.862
2018,Dublin Dun Laoghaire The Glen,53.2858,-6.1319,PM10,12.8
2018,Dublin Inchicore Davitt Road,53.3363,-6.309,PM10,13.82
2018,Galway Galway City Rahoon Road,53.2736,-9.0859,PM10,14.937
2018,Dublin Phoenix Park Ordnance Survey Road,53.3644,-6.349,PM10,11.452
2018,Cork Ballinlough Heatherton Park,51.8819,-8.4571,PM10,11.515
2018,Dublin Tallaght Old Bawn Road,53.2805,-6.3588,PM10,14.53
2018,Carlow Carlow Town County Council Offices,52.8397,-6.9317,PM10,11.744
2018,Monaghan Kilkitt Waterworks,54.0661,-6.8831,PM10,8.456
2018,Cork Cobh Carrignafoy,51.855,-8.2878,PM10,14.904
2018,Wexford Enniscorthy Parnell Road,52.4985,-6.5708,PM10,17.574
2018,Louth Dundalk Meadow Grove,54.0031,-6.3926,PM10,14.618
2018,Laois Portlaoise Dublin Road,53.0361,-7.2887,PM10,10.84
2018,Clare Ennis Drumbiggle Road,52.8432,-8.9893,PM10,15.812
2018,Mayo Claremorris,53.7039,-9.0127,PM10,12.151
2018,Roscommon Roscommon Town County Council Offices,53.6294,-8.1944,PM10,12.084
2018,Dublin Blanchardstown River Road,53.3856,-6.3699,PM10,17.197
2018,Dublin Rathmines Wynnefield Road,53.322,-6.2672,PM10,15.116
2018,Mayo Castlebar John Moore Road,53.8511,-9.2997,PM10,11.366
2018,Dublin Ringsend recycling Centre,53.3419,-6.2141,PM10,19.62
2018,Dublin Kilmainham St. John's Road West,53.3458,-6.2948,PM10,13.96
2018,Dublin Winetavern Street,53.3417,-6.2889,PM10,14.356
2019,Dublin Finglas Mellowes Road,53.3903,-6.3053,PM10,13.325
2019,Dublin Raheny Saint Anne's Park,53.3688,-6.1726,PM10,11.562
2019,Cork South Link Road Landfill,51.9111,-8.475,PM10,17.853
2019,Cork Ballinlough Heatherton Park,51.8819,-8.4571,PM10,12.251
2019,Dublin Inchicore Davitt Road,53.3363,-6.309,PM10,18.836
2019,Galway Galway City Rahoon Road,53.2736,-9.0859,PM10,12.524
2019,Dublin Phoenix Park Ordnance Survey Road,53.3644,-6.349,PM10,11.306
2019,Dublin Marino Brian Road,53.3682,-6.2279,PM10,14.124
2019,Dublin Kilmainham St. John's Road West,53.3458,-6.2948,PM10,13.836
2019,Waterford Waterford City Paddy Brownes Road,52.2471,-7.1516,PM10,14.908
2019,Cork Bishopstown MTU,51.8841,-8.533,PM10,14.599
2019,Dublin Ballyfermot Library,53.3405,-6.3523,PM10,13.931
2019,Wexford Enniscorthy Parnell Road,52.4985,-6.5708,PM10,18.332
2019,Roscommon Roscommon Town County Council Offices,53.6294,-8.1944,PM10,11.879
2019,Mayo Castlebar John Moore Road,53.8511,-9.2997,PM10,15.666
2019,Laois Portlaoise Dublin Road,53.0361,-7.2887,PM10,14.65
2019,Cork Cobh Carrignafoy,51.855,-8.2878,PM10,13.224
2019,Clare Ennis Drumbiggle Road,52.8432,-8.9893,PM10,17.967
2019,Dublin Tallaght Old Bawn Road,53.2805,-6.3588,PM10,12.437
2019,Dublin Blanchardstown River Road,53.3856,-6.3699,PM10,18.935
2019,Mayo Claremorris,53.7039,-9.0127,PM10,11.317
2019,Kilkenny Seville Lodge,52.6388,-7.2681,PM10,17.827
2019,Carlow Carlow Town County Council Offices,52.8397,-6.9317,PM10,11.001
2019,Dublin Ringsend recycling Centre,53.3419,-6.2141,PM10,18.847
2019,Louth Dundalk Meadow Grove,54.0031,-6.3926,PM10,14.496
2019,Monaghan Kilkitt Waterworks,54.0661,-6.8831,PM10,7.274
2019,Dublin Dun Laoghaire The Glen,53.2858,-6.1319,PM10,12.193
2019,Dublin Rathmines Wynnefield Road,53.322,-6.2672,PM10,13.452
2019,Dublin Winetavern Street,53.3417,-6.2889,PM10,15.385
2020,Cork Bishopstown MTU,51.8841,-8.533,PM10,14.046
2020,Dublin Raheny Saint Anne's Park,53.3688,-6.1726,PM10,10.637
2020,Dublin Ballyfermot Library,53.3405,-6.3523,PM10,11.795
2020,Cork South Link Road Landfill,51.9111,-8.475,PM10,14.852
2020,Dublin Marino Brian Road,53.3682,-6.2279,PM10,13.008
2020,Waterford Waterford City Paddy Brownes Road,52.2471,-7.1516,PM10,14.247
2020,Dublin Ringsend recycling Centre,53.3419,-6.2141,PM10,17.339
2020,Dublin Finglas Mellowes Road,53.3903,-6.3053,PM10,11.883
2020,Dublin Inchicore Davitt Road,53.3363,-6.309,PM10,15.251
2020,Galway Galway City Rahoon Road,53.2736,-9.0859,PM10,12.566
2020,Dublin Phoenix Park Ordnance Survey Road,53.3644,-6.349,PM10,10.442
2020,Cork Ballinlough Heatherton Park,51.8819,-8.4571,PM10,11.329
2020,Louth Dundalk Meadow Grove,54.0031,-6.3926,PM10,12.646
2020,Clare Ennis Drumbiggle Road,52.8432,-8.9893,PM10,19.552
2020,Dublin Dun Laoghaire The Glen,53.2858,-6.1319,PM10,11.965
2020,Cavan Cavan Town Court House,53.9936,-7.3628,PM10,8.947
2020,Roscommon Roscommon Town County Council Offices,53.6294,-8.1944,PM10,10.488
2020,Tipperary Town,52.4792,-8.1564,PM10,12.234
2020,Wexford Enniscorthy Parnell Road,52.4985,-6.5708,PM10,14.851
2020,Westmeath Athlone,53.4248,-7.9377,PM10,15.526
2020,Carlow Carlow Town County Council Offices,52.8397,-6.9317,PM10,10.794
2020,Cork Cobh Carrignafoy,51.855,-8.2878,PM10,13.032
2020,Kerry Tralee Library,52.2673,-9.6979,PM10,15.836
2020,Wexford Wexford Town Opera House,52.3374,-6.4616,PM10,12.272
2020,Dublin Blanchardstown River Road,53.3856,-6.3699,PM10,15.204
2020,Donegal Letterkenny Library,54.9545,-7.7352,PM10,14.743
2020,Tipperary Clonmel,52.3547,-7.6994,PM10,11.52
2020,Kilkenny Seville Lodge,52.6388,-7.2681,PM10,18.461
2020,Mayo Claremorris,53.7039,-9.0127,PM10,9.95
2020,Laois Portlaoise Dublin Road,53.0361,-7.2887,PM10,12.044
2020,Monaghan Kilkitt Waterworks,54.0661,-6.8831,PM10,7.763
2020,Dublin Tallaght Old Bawn Road,53.2805,-6.3588,PM10,10.345
2020,Dublin Winetavern Street,53.3417,-6.2889,PM10,12.975
2020,Meath Navan,53.6556,-6.6893,PM10,13.758
2020,Offaly Birr,53.0945,-7.9085,PM10,9.834
2020,Dublin Kilmainham St. John's Road West,53.3458,-6.2948,PM10,13.122
2020,Mayo Castlebar John Moore Road,53.8511,-9.2997,PM10,14.39
2020,Cork Macroom Council Yard,51.9047,-8.9529,PM10,15.397
2020,Dublin Rathmines Wynnefield Road,53.322,-6.2672,PM10,11.007
2020,Limerick Peoples Park,52.6586,-8.6287,PM10,12.728
2020,Dublin Pearse St.,53.345,-6.2543,PM10,NA
2021,Cork Bishopstown MTU,51.8841,-8.533,PM10,13.327
2021,Dublin Phoenix Park Ordnance Survey Road,53.3644,-6.349,PM10,11.947
2021,Cork Ballinlough Heatherton Park,51.8819,-8.4571,PM10,11.401
2021,Waterford Waterford City Paddy Brownes Road,52.2471,-7.1516,PM10,13.732
2021,Dublin Finglas Mellowes Road,53.3903,-6.3053,PM10,11.832
2021,Cork South Link Road Landfill,51.9111,-8.475,PM10,17.97
2021,Galway Galway City Rahoon Road,53.2736,-9.0859,PM10,11.403
2021,Dublin Winetavern Street,53.3417,-6.2889,PM10,12.403
2021,Dublin Ringsend recycling Centre,53.3419,-6.2141,PM10,15.722
2021,Dublin Inchicore Davitt Road,53.3363,-6.309,PM10,14.02
2021,Dublin Raheny Saint Anne's Park,53.3688,-6.1726,PM10,10.806
2021,Dublin Marino Brian Road,53.3682,-6.2279,PM10,12.238
2021,Dublin Ballyfermot Library,53.3405,-6.3523,PM10,11.798
2021,Mayo Castlebar John Moore Road,53.8511,-9.2997,PM10,14.153
2021,Donegal Letterkenny Library,54.9545,-7.7352,PM10,14.679
2021,Monaghan Kilkitt Waterworks,54.0661,-6.8831,PM10,7.817
2021,Roscommon Roscommon Town County Council Offices,53.6294,-8.1944,PM10,10.318
2021,Louth Dundalk Meadow Grove,54.0031,-6.3926,PM10,11.731
2021,Wexford Wexford Town Opera House,52.3374,-6.4616,PM10,13.489
2021,Laois Portlaoise Dublin Road,53.0361,-7.2887,PM10,11.424
2021,Kilkenny Seville Lodge,52.6388,-7.2681,PM10,16.788
2021,Clare Ennis Drumbiggle Road,52.8432,-8.9893,PM10,19.002
2021,Cavan Cavan Town Court House,53.9936,-7.3628,PM10,10.618
2021,Offaly Birr,53.0945,-7.9085,PM10,12.206
2021,Wexford Enniscorthy Parnell Road,52.4985,-6.5708,PM10,13.652
2021,Kerry Tralee Library,52.2673,-9.6979,PM10,17.076
2021,Dublin Blanchardstown River Road,53.3856,-6.3699,PM10,14.155
2021,Carlow Carlow Town County Council Offices,52.8397,-6.9317,PM10,10.396
2021,Dublin Tallaght Old Bawn Road,53.2805,-6.3588,PM10,9.839
2021,Westmeath Athlone,53.4248,-7.9377,PM10,12.061
2021,Cork Cobh Carrignafoy,51.855,-8.2878,PM10,12.004
2021,Mayo Claremorris,53.7039,-9.0127,PM10,9.435
2021,Dublin Dun Laoghaire The Glen,53.2858,-6.1319,PM10,11.382
2021,Meath Navan,53.6556,-6.6893,PM10,13.476
2021,Tipperary Clonmel,52.3547,-7.6994,PM10,10.627
2021,Cork Macroom Council Yard,51.9047,-8.9529,PM10,14.578
2021,Tipperary Town,52.4792,-8.1564,PM10,12.651
2021,Limerick Peoples Park,52.6586,-8.6287,PM10,12.569
2021,Dublin Kilmainham St. John's Road West,53.3458,-6.2948,PM10,13.002
2021,Dublin Rathmines Wynnefield Road,53.322,-6.2672,PM10,12.378
2022,Dublin Finglas Mellowes Road,53.3903,-6.3053,PM10,11.847
2022,Dublin Inchicore Davitt Road,53.3363,-6.309,PM10,14.137
2022,Galway Galway City Rahoon Road,53.2736,-9.0859,PM10,12.587
2022,Dublin Phoenix Park Ordnance Survey Road,53.3644,-6.349,PM10,10.877
2022,Dublin Ballyfermot Library,53.3405,-6.3523,PM10,12.626
2022,Dublin Marino Brian Road,53.3682,-6.2279,PM10,13.557
2022,Cork Bishopstown MTU,51.8841,-8.533,PM10,13.702
2022,Waterford Waterford City Paddy Brownes Road,52.2471,-7.1516,PM10,15.236
2022,Dublin Raheny Saint Anne's Park,53.3688,-6.1726,PM10,12.867
2022,Cork South Link Road Landfill,51.9111,-8.475,PM10,15.786
2022,Cork Ballinlough Heatherton Park,51.8819,-8.4571,PM10,11.853
2022,Wicklow Greystones,53.1499,-6.0703,PM10,11.591
2022,Westmeath Athlone,53.4248,-7.9377,PM10,12.375
2022,Offaly Birr,53.0945,-7.9085,PM10,13.977
2022,Monaghan Kilkitt Waterworks,54.0661,-6.8831,PM10,8.562
2022,Carlow Carlow Town County Council Offices,52.8397,-6.9317,PM10,11.385
2022,Laois Portlaoise Dublin Road,53.0361,-7.2887,PM10,11.984
2022,Tipperary Clonmel,52.3547,-7.6994,PM10,11.555
2022,Cork Cobh Carrignafoy,51.855,-8.2878,PM10,13.216
2022,Kerry Killarney,52.0583,-9.5049,PM10,17.908
2022,Cork Mallow,52.134,-8.6407,PM10,13.492
2022,Tipperary Town,52.4792,-8.1564,PM10,13.934
2022,Leitrim Carrick-on-Shannon,53.9446,-8.0865,PM10,10.193
2022,Wicklow Bray Wurzburg Road,53.1872,-6.1217,PM10,10.002
2022,Wexford Wexford Town Opera House,52.3374,-6.4616,PM10,14.52
2022,Mayo Castlebar John Moore Road,53.8511,-9.2997,PM10,11.252
2022,Kerry Tralee Library,52.2673,-9.6979,PM10,17.908
2022,Dublin Clonskeagh Road Richview,53.3118,-6.2353,PM10,11.329
2022,Offaly Edenderry,53.3425,-7.0475,PM10,17.724
2022,Dublin Dun Laoghaire The Glen,53.2858,-6.1319,PM10,12.185
2022,Limerick Shannon Estuary Asketon,52.6392,-8.9542,PM10,9.923
2022,Donegal Letterkenny Library,54.9545,-7.7352,PM10,14.585
2022,Dublin Dublin Airport,53.4344,-6.2304,PM10,11.74
2022,Cork Macroom Council Yard,51.9047,-8.9529,PM10,16.149
2022,Kildare Leixlip,53.3719,-6.4867,PM10,11.151
2022,Meath Navan,53.6556,-6.6893,PM10,14.167
2022,Mayo Claremorris,53.7039,-9.0127,PM10,8.017
2022,Kilkenny Seville Lodge,52.6388,-7.2681,PM10,17.505
2022,Clare Ennis Drumbiggle Road,52.8432,-8.9893,PM10,20.037
2022,Roscommon Roscommon Town County Council Offices,53.6294,-8.1944,PM10,11.243
2022,Kildare Naas,53.2181,-6.6591,PM10,12.255
2022,Cork Cobh Carrig House,51.8495,-8.2974,PM10,14.501
2022,Dublin Rathmines Wynnefield Road,53.322,-6.2672,PM10,14.716
2022,Galway Eyre Square,53.274,-9.0485,PM10,NA
2022,Cavan Cavan Town Court House,53.9936,-7.3628,PM10,10.964
2022,Dublin Tallaght Old Bawn Road,53.2805,-6.3588,PM10,11.054
2022,Dublin Blanchardstown River Road,53.3856,-6.3699,PM10,15.063
2022,Longford Town Dublin Road Railway,53.7256,-7.7914,PM10,16.039
2022,Wexford Enniscorthy Parnell Road,52.4985,-6.5708,PM10,15.027
2022,Dublin Ringsend recycling Centre,53.3419,-6.2141,PM10,16.229
2022,Louth Drogheda,53.7322,-6.32,PM10,11.933
2022,Louth Dundalk Meadow Grove,54.0031,-6.3926,PM10,22.979
2022,Dublin Dublin Port,53.3527,-6.2039,PM10,18.057
2022,Dublin Winetavern Street,53.3417,-6.2889,PM10,13.622
2022,Limerick Henry Street,52.6613,-8.6316,PM10,13.872
2022,Cork Lower Glanmire Road,51.9017,-8.4621,PM10,14.1
2022,Limerick Peoples Park,52.6586,-8.6287,PM10,13.938
2022,Dublin Pearse St.,53.345,-6.2543,PM10,16.13
2022,Dublin Kilmainham St. John's Road West,53.3458,-6.2948,PM10,14.551
2023,Dublin Marino Brian Road,53.3682,-6.2279,PM10,11.626
2023,Galway Galway City Rahoon Road,53.2736,-9.0859,PM10,12.708
2023,Galway Briarhill,53.2921,-8.987,PM10,12.094
2023,Waterford Waterford City Paddy Brownes Road,52.2471,-7.1516,PM10,12.229
2023,Cork South Link Road Landfill,51.9111,-8.475,PM10,NA
2023,Dublin Raheny Saint Anne's Park,53.3688,-6.1726,PM10,10.882
2023,Dublin Finglas Mellowes Road,53.3903,-6.3053,PM10,12.313
2023,Dublin Ballyfermot Library,53.3405,-6.3523,PM10,11.067
2023,Dublin Inchicore Davitt Road,53.3363,-6.309,PM10,13.326
2023,Cork Ballinlough Heatherton Park,51.8819,-8.4571,PM10,10.97
2023,Dublin Ringsend recycling Centre,53.3419,-6.2141,PM10,13.779
2023,Limerick Henry Street,52.6613,-8.6316,PM10,11.309
2023,Dublin Winetavern Street,53.3417,-6.2889,PM10,12.868
2023,Dublin Phoenix Park Ordnance Survey Road,53.3644,-6.349,PM10,9.136
2023,Cork Bishopstown MTU,51.8841,-8.533,PM10,11.425
2023,Donegal Malin Head,55.3722,-7.3389,PM10,12.803
2023,Kildare Naas,53.2181,-6.6591,PM10,10.886
2023,Mayo Castlebar John Moore Road,53.8511,-9.2997,PM10,9.853
2023,Kerry Tralee Library,52.2673,-9.6979,PM10,14.542
2023,Monaghan Kilkitt Waterworks,54.0661,-6.8831,PM10,7.149
2023,Cork Cobh Carrignafoy,51.855,-8.2878,PM10,11.77
2023,Carlow Carlow Town County Council Offices,52.8397,-6.9317,PM10,10.142
2023,Meath Navan,53.6556,-6.6893,PM10,13.169
2023,Kerry Killarney,52.0583,-9.5049,PM10,8.893
2023,Cork Cobh Carrig House,51.8495,-8.2974,PM10,11.38
2023,Laois Portlaoise Dublin Road,53.0361,-7.2887,PM10,11.008
2023,Kilkenny Seville Lodge,52.6388,-7.2681,PM10,13.89
2023,Wexford Wexford Town Opera House,52.3374,-6.4616,PM10,12.742
2023,Dublin Dun Laoghaire The Glen,53.2858,-6.1319,PM10,11.629
2023,Dublin Tallaght Old Bawn Road,53.2805,-6.3588,PM10,11.461
2023,Dublin Clonskeagh Road Richview,53.3118,-6.2353,PM10,10.284
2023,Kildare Leixlip,53.3719,-6.4867,PM10,10.114
2023,Offaly Birr,53.0945,-7.9085,PM10,13.095
2023,Westmeath Athlone,53.4248,-7.9377,PM10,11.557
2023,Mayo Claremorris,53.7039,-9.0127,PM10,8.074
2023,Wicklow Bray Wurzburg Road,53.1872,-6.1217,PM10,10.537
2023,Longford Town Dublin Road Railway,53.7256,-7.7914,PM10,13.135
2023,Roscommon Roscommon Town County Council Offices,53.6294,-8.1944,PM10,9.657
2023,Wicklow Greystones,53.1499,-6.0703,PM10,10.697
2023,Cavan Cavan Town Court House,53.9936,-7.3628,PM10,10.031
2023,Dublin Dublin Airport,53.4344,-6.2304,PM10,11.868
2023,Tipperary Clonmel,52.3547,-7.6994,PM10,9.316
2023,Cork Cork Port,51.8306,-8.3209,PM10,12.267
2023,Cork Macroom Council Yard,51.9047,-8.9529,PM10,7.334
2023,Offaly Edenderry,53.3425,-7.0475,PM10,16.305
2023,Tipperary Town,52.4792,-8.1564,PM10,10.756
2023,Louth Drogheda,53.7322,-6.32,PM10,10.907
2023,Dublin Swords Watery Lane,53.4638,-6.2235,PM10,9.008
2023,Cork Airport,51.8519,-8.4894,PM10,12.061
2023,Limerick Peoples Park,52.6586,-8.6287,PM10,11.362
2023,Cork Mallow,52.134,-8.6407,PM10,10.501
2023,Clare Ennis Drumbiggle Road,52.8432,-8.9893,PM10,16.364
2023,Dublin Lucan,53.3492,-6.4503,PM10,12.356
2023,Dublin Blanchardstown River Road,53.3856,-6.3699,PM10,13.305
2023,Donegal Letterkenny Library,54.9545,-7.7352,PM10,13.427
2023,Limerick Shannon Estuary Asketon,52.6392,-8.9542,PM10,8.391
2023,Galway Ballinalsoe,53.3287,-8.2241,PM10,13.744
2023,Leitrim Carrick-on-Shannon,53.9446,-8.0865,PM10,8.907
2023,Galway Eyre Square,53.274,-9.0485,PM10,14.669
2023,Louth Dundalk Meadow Grove,54.0031,-6.3926,PM10,13.217
2023,Wexford Enniscorthy Parnell Road,52.4985,-6.5708,PM10,13.338
2023,Dublin Pearse St.,53.345,-6.2543,PM10,14.398
2023,Dublin Dublin Port,53.3527,-6.2039,PM10,15.376
2023,Dublin Kilmainham St. John's Road West,53.3458,-6.2948,PM10,11.854
2023,Wateford Merchants Quay,52.2638,-7.1179,PM10,14.042
2023,Cork Lower Glanmire Road,51.9017,-8.4621,PM10,13.163
2023,Dublin Rathmines Wynnefield Road,53.322,-6.2672,PM10,15.126
2024,Dublin Phoenix Park Ordnance Survey Road,53.3644,-6.349,PM10,9.953
2024,Dublin Ringsend recycling Centre,53.3419,-6.2141,PM10,15.543
2024,Waterford Waterford City Paddy Brownes Road,52.2471,-7.1516,PM10,11.529
2024,Limerick Peoples Park,52.6586,-8.6287,PM10,12.25
2024,Dublin Raheny Saint Anne's Park,53.3688,-6.1726,PM10,10.678
2024,Galway Briarhill,53.2921,-8.987,PM10,12.15
2024,Dublin Inchicore Davitt Road,53.3363,-6.309,PM10,17.177
2024,Dublin Ballyfermot Library,53.3405,-6.3523,PM10,11.634
2024,Dublin Kilmainham St. John's Road West,53.3458,-6.2948,PM10,13.337
2024,Dublin Rathmines Wynnefield Road,53.322,-6.2672,PM10,11.975
2024,Cork South Link Road Landfill,51.9111,-8.475,PM10,NA
2024,Wateford Merchants Quay,52.2638,-7.1179,PM10,14.01
2024,Cork Bishopstown MTU,51.8841,-8.533,PM10,11.282
2024,Dublin Finglas Mellowes Road,53.3903,-6.3053,PM10,11.255
2024,Dublin Dublin Port,53.3527,-6.2039,PM10,14.788
2024,Dublin Marino Brian Road,53.3682,-6.2279,PM10,12.214
2024,Galway Eyre Square,53.274,-9.0485,PM10,13.441
2024,Limerick Henry Street,52.6613,-8.6316,PM10,11.977
2024,Dublin Pearse St.,53.345,-6.2543,PM10,14.529
2024,Cork Lower Glanmire Road,51.9017,-8.4621,PM10,13.787
2024,Cork Ballinlough Heatherton Park,51.8819,-8.4571,PM10,11.224
2024,Leitrim Carrick-on-Shannon,53.9446,-8.0865,PM10,9.552
2024,Donegal Malin Head,55.3722,-7.3389,PM10,13.329
2024,Cork Cork Port,51.8306,-8.3209,PM10,11.433
2024,Louth Dundalk Meadow Grove,54.0031,-6.3926,PM10,12.077
2024,Kildare Naas,53.2181,-6.6591,PM10,11.013
2024,Tipperary Town,52.4792,-8.1564,PM10,10.648
2024,Kerry Killarney,52.0583,-9.5049,PM10,11.314
2024,Westmeath Athlone,53.4248,-7.9377,PM10,11.797
2024,Cork Macroom Council Yard,51.9047,-8.9529,PM10,11.892
2024,Cork Cobh Carrig House,51.8495,-8.2974,PM10,NA
2024,Dublin Lucan,53.3492,-6.4503,PM10,13.151
2024,Galway Ballinalsoe,53.3287,-8.2241,PM10,12.689
2024,Cavan Cavan Town Court House,53.9936,-7.3628,PM10,10.41
2024,Cork Mallow,52.134,-8.6407,PM10,9.95
2024,Clare Ennis Drumbiggle Road,52.8432,-8.9893,PM10,16.02
2024,Louth Drogheda,53.7322,-6.32,PM10,11.916
2024,Wicklow Greystones,53.1499,-6.0703,PM10,10.638
2024,Offaly Birr,53.0945,-7.9085,PM10,12.979
2024,Offaly Edenderry,53.3425,-7.0475,PM10,15.537
2024,Kildare Leixlip,53.3719,-6.4867,PM10,10.182
2024,Dublin Dun Laoghaire The Glen,53.2858,-6.1319,PM10,11.954
2024,Kerry Tralee Library,52.2673,-9.6979,PM10,15.232
2024,Mayo Claremorris,53.7039,-9.0127,PM10,8.286
2024,Longford Town Dublin Road Railway,53.7256,-7.7914,PM10,15.693
2024,Dublin Blanchardstown River Road,53.3856,-6.3699,PM10,14.352
2024,Carlow Carlow Town County Council Offices,52.8397,-6.9317,PM10,11.443
2024,Wexford Wexford Town Opera House,52.3374,-6.4616,PM10,13.416
2024,Roscommon Roscommon Town County Council Offices,53.6294,-8.1944,PM10,9.815
2024,Dublin Clonskeagh Road Richview,53.3118,-6.2353,PM10,11.518
2024,Donegal Letterkenny Library,54.9545,-7.7352,PM10,14.245
2024,Tipperary Clonmel,52.3547,-7.6994,PM10,10.067
2024,Dublin Swords Watery Lane,53.4638,-6.2235,PM10,10.242
2024,Wexford Enniscorthy Parnell Road,52.4985,-6.5708,PM10,14.948
2024,Cork Cobh Carrignafoy,51.855,-8.2878,PM10,11.546
2024,Limerick Shannon Estuary Asketon,52.6392,-8.9542,PM10,8.355
2024,Meath Navan,53.6556,-6.6893,PM10,13.546
2024,Mayo Castlebar John Moore Road,53.8511,-9.2997,PM10,13.351
2024,Dublin Dublin Airport,53.4344,-6.2304,PM10,12.207
2024,Wicklow Bray Wurzburg Road,53.1872,-6.1217,PM10,9.202
2024,Cork Airport,51.8519,-8.4894,PM10,9.803
2024,Dublin Tallaght Old Bawn Road,53.2805,-6.3588,PM10,10.3
2024,Laois Portlaoise Dublin Road,53.0361,-7.2887,PM10,11.557
2025,Wateford Merchants Quay,52.2638,-7.1179,PM10,14.772
2025,Dublin Ringsend recycling Centre,53.3419,-6.2141,PM10,19.871
2025,Dublin Inchicore Davitt Road,53.3363,-6.309,PM10,18.736
2025,Dublin Rathmines Wynnefield Road,53.322,-6.2672,PM10,14.273
2025,Dublin Marino Brian Road,53.3682,-6.2279,PM10,15.027
2025,Dublin Raheny Saint Anne's Park,53.3688,-6.1726,PM10,12.551
2025,Limerick Henry Street,52.6613,-8.6316,PM10,12.968
2025,Dublin Finglas Mellowes Road,53.3903,-6.3053,PM10,11.52
2025,Dublin Dublin Port,53.3527,-6.2039,PM10,13.894
2025,Waterford Waterford City Paddy Brownes Road,52.2471,-7.1516,PM10,16.725
2025,Dublin Winetavern Street,53.3417,-6.2889,PM10,5.88
2025,Galway Briarhill,53.2921,-8.987,PM10,12.892
2025,Dublin Ballyfermot Library,53.3405,-6.3523,PM10,12.779
2025,Dublin Phoenix Park Ordnance Survey Road,53.3644,-6.349,PM10,9.656
2025,Galway Eyre Square,53.274,-9.0485,PM10,16.013
2025,Limerick Peoples Park,52.6586,-8.6287,PM10,12.942
2025,Cork Lower Glanmire Road,51.9017,-8.4621,PM10,16.316
2025,Dublin Kilmainham St. John's Road West,53.3458,-6.2948,PM10,13.908
2025,Cork Bishopstown MTU,51.8841,-8.533,PM10,15.078
2025,Cork Ballinlough Heatherton Park,51.8819,-8.4571,PM10,12.852
2025,Cork South Link Road Landfill,51.9111,-8.475,PM10,NA
2025,Dublin Pearse St.,53.345,-6.2543,PM10,16.605
2025,Dublin Dun Laoghaire The Glen,53.2858,-6.1319,PM10,14.192
2025,Sligo Sligo Town,54.2673,-8.4804,PM10,8.966
2025,Cavan Cavan Town Court House,53.9936,-7.3628,PM10,12.163
2025,Donegal Malin Head,55.3722,-7.3389,PM10,15.161
2025,Limerick Shannon Estuary Asketon,52.6392,-8.9542,PM10,9.209
2025,Kerry Tralee Library,52.2673,-9.6979,PM10,16.435
2025,Carlow Carlow Town County Council Offices,52.8397,-6.9317,PM10,13.27
2025,Kildare Naas,53.2181,-6.6591,PM10,12.956
2025,Leitrim Carrick-on-Shannon,53.9446,-8.0865,PM10,11.716
2025,Louth Drogheda,53.7322,-6.32,PM10,16.307
2025,Roscommon Roscommon Town County Council Offices,53.6294,-8.1944,PM10,12.838
2025,Wexford Enniscorthy Parnell Road,52.4985,-6.5708,PM10,15.89
2025,Kerry Killarney,52.0583,-9.5049,PM10,12.818
2025,Wicklow Greystones,53.1499,-6.0703,PM10,12.303
2025,Mayo Claremorris,53.7039,-9.0127,PM10,9.956
2025,Galway Ballinalsoe,53.3287,-8.2241,PM10,14.935
2025,Dublin Swords Watery Lane,53.4638,-6.2235,PM10,13.238
2025,Dublin Lucan,53.3492,-6.4503,PM10,16.839
2025,Clare Ennis Drumbiggle Road,52.8432,-8.9893,PM10,17.717
2025,Laois Portlaoise Dublin Road,53.0361,-7.2887,PM10,13.669
2025,Offaly Birr,53.0945,-7.9085,PM10,15.629
2025,Tipperary Town,52.4792,-8.1564,PM10,16.071
2025,Longford Town Dublin Road Railway,53.7256,-7.7914,PM10,14.32
2025,Meath Navan,53.6556,-6.6893,PM10,16.406
2025,Offaly Edenderry,53.3425,-7.0475,PM10,16.494
2025,Dublin Dublin Airport,53.4344,-6.2304,PM10,14.079
2025,Dublin Blanchardstown River Road,53.3856,-6.3699,PM10,14.335
2025,Cork Cobh Carrig House,51.8495,-8.2974,PM10,NA
2025,Donegal Letterkenny Library,54.9545,-7.7352,PM10,14.611
2025,Cork Airport,51.8519,-8.4894,PM10,10.922
2025,Cork Cork Port,51.8306,-8.3209,PM10,NA
2025,Wicklow Bray Wurzburg Road,53.1872,-6.1217,PM10,11.138
2025,Cork Mallow,52.134,-8.6407,PM10,11.616
2025,Westmeath Athlone,53.4248,-7.9377,PM10,12.449
2025,Wexford Wexford Town Opera House,52.3374,-6.4616,PM10,16.42
2025,Mayo Castlebar John Moore Road,53.8511,-9.2997,PM10,14.863
2025,Dublin Clonskeagh Road Richview,53.3118,-6.2353,PM10,13.47
2025,Louth Dundalk Meadow Grove,54.0031,-6.3926,PM10,15.228
2025,Dublin Amiens Street,53.3524,-6.249,PM10,9.062
2025,Kildare Leixlip,53.3719,-6.4867,PM10,12.822
2025,Cork Cobh Carrignafoy,51.855,-8.2878,PM10,13.445
2025,Cork Macroom Council Yard,51.9047,-8.9529,PM10,15.266
2025,Tipperary Clonmel,52.3547,-7.6994,PM10,12.191
2025,Dublin Tallaght Old Bawn Road,53.2805,-6.3588,PM10,11.894
2004,NA,52.2708,-9.6892,PM2.5,6.43
2004,NA,52.3561,-7.6958,PM2.5,10.159
2004,NA,51.9,-8.475,PM2.5,9.661
2005,NA,51.9,-8.475,PM2.5,10.992
2007,NA,51.9,-8.475,PM2.5,8.322
2008,NA,51.9,-8.475,PM2.5,9.176
2009,Clare Ennis Simms Lane,52.5035,-8.5919,PM2.5,8.349
2009,NA,51.9,-8.475,PM2.5,10.62
2009,Dublin Rathmines Wynnefield Road,53.3539,-6.2781,PM2.5,11.06
2009,Dublin Marino Brian Road,53.3682,-6.2279,PM2.5,8.159
2009,Dublin Coleraine Street,53.3472,-6.2667,PM2.5,9.961
2010,Clare Ennis Simms Lane,52.5035,-8.5919,PM2.5,11.756
2010,NA,51.9,-8.475,PM2.5,14.864
2010,Dublin Coleraine Street,53.3472,-6.2667,PM2.5,11.779
2010,Dublin Marino Brian Road,53.3682,-6.2279,PM2.5,9.958
2010,Dublin Rathmines Wynnefield Road,53.3539,-6.2781,PM2.5,11.756
2011,NA,51.9,-8.475,PM2.5,11.74
2011,Longford Town Dublin Road Railway,53.7256,-7.7914,PM2.5,8.863
2011,Clare Ennis Simms Lane,52.5035,-8.5919,PM2.5,13.649
2011,Mayo Claremorris,53.7039,-9.0127,PM2.5,5.846
2011,Dublin Coleraine Street,53.3472,-6.2667,PM2.5,11.212
2011,Dublin Marino Brian Road,53.3682,-6.2279,PM2.5,8.95
2011,Dublin Rathmines Wynnefield Road,53.3539,-6.2781,PM2.5,12.194
2013,Longford Town Dublin Road Railway,53.7256,-7.7914,PM2.5,14.972
2013,Mayo Claremorris,53.7039,-9.0127,PM2.5,7.907
2013,Cork South Link Road Landfill,51.9111,-8.475,PM2.5,10.968
2013,Dublin Marino Brian Road,53.3682,-6.2279,PM2.5,9.392
2013,Dublin Coleraine Street,53.3472,-6.2667,PM2.5,11.147
2013,Dublin Rathmines Wynnefield Road,53.322,-6.2672,PM2.5,11.109
2014,Longford Town Dublin Road Railway,53.7256,-7.7914,PM2.5,20.893
2014,Mayo Claremorris,53.7039,-9.0127,PM2.5,5.375
2014,Dublin Marino Brian Road,53.3682,-6.2279,PM2.5,7.824
2014,Dublin Coleraine Street,53.3472,-6.2667,PM2.5,9.433
2014,Dublin Rathmines Wynnefield Road,53.322,-6.2672,PM2.5,9.582
2015,Wicklow Bray Wurzburg Road,53.1872,-6.1217,PM2.5,6.563
2015,Clare Ennis Drumbiggle Road,52.8432,-8.9893,PM2.5,12.117
2015,Longford Town Dublin Road Railway,53.7256,-7.7914,PM2.5,NA
2015,Mayo Claremorris,53.7039,-9.0127,PM2.5,5.736
2015,Dublin Rathmines Wynnefield Road,53.322,-6.2672,PM2.5,9.943
2015,Dublin Marino Brian Road,53.3682,-6.2279,PM2.5,7.802
2015,Cork Ballinlough Heatherton Park,51.8819,-8.4571,PM2.5,6.83
2015,Dublin Finglas Mellowes Road,53.3903,-6.3053,PM2.5,8.138
2015,Dublin Coleraine Street,53.3472,-6.2667,PM2.5,9.425
2016,Wicklow Bray Wurzburg Road,53.1872,-6.1217,PM2.5,7.757
2016,Longford Town Dublin Road Railway,53.7256,-7.7914,PM2.5,11.901
2016,Clare Ennis Drumbiggle Road,52.8432,-8.9893,PM2.5,12.049
2016,Cork Ballinlough Heatherton Park,51.8819,-8.4571,PM2.5,7.067
2016,Mayo Claremorris,53.7039,-9.0127,PM2.5,5.756
2016,Dublin Marino Brian Road,53.3682,-6.2279,PM2.5,7.38
2016,Dublin Finglas Mellowes Road,53.3903,-6.3053,PM2.5,8.454
2016,Dublin Coleraine Street,53.3472,-6.2667,PM2.5,8.7
2016,Dublin Rathmines Wynnefield Road,53.322,-6.2672,PM2.5,10.037
2017,Dublin Marino Brian Road,53.3682,-6.2279,PM2.5,6.901
2017,Cork Ballinlough Heatherton Park,51.8819,-8.4571,PM2.5,5.725
2017,Clare Ennis Drumbiggle Road,52.8432,-8.9893,PM2.5,10.571
2017,Longford Town Dublin Road Railway,53.7256,-7.7914,PM2.5,9.205
2017,Mayo Claremorris,53.7039,-9.0127,PM2.5,5.562
2017,Wicklow Bray Wurzburg Road,53.1872,-6.1217,PM2.5,5.176
2017,Dublin Finglas Mellowes Road,53.3903,-6.3053,PM2.5,8.02
2017,Dublin Coleraine Street,53.3472,-6.2667,PM2.5,8.02
2017,Dublin Rathmines Wynnefield Road,53.322,-6.2672,PM2.5,8.52
2018,Longford Town Dublin Road Railway,53.7256,-7.7914,PM2.5,9.212
2018,Waterford Waterford City Paddy Brownes Road,52.2471,-7.1516,PM2.5,9.424
2018,Cork Ballinlough Heatherton Park,51.8819,-8.4571,PM2.5,7.674
2018,Dublin Finglas Mellowes Road,53.3903,-6.3053,PM2.5,8.345
2018,Dublin Raheny Saint Anne's Park,53.3688,-6.1726,PM2.5,6.544
2018,Dublin Phoenix Park Ordnance Survey Road,53.3644,-6.349,PM2.5,5.679
2018,Dublin Inchicore Davitt Road,53.3363,-6.309,PM2.5,7.999
2018,Dublin Kilmainham St. John's Road West,53.3458,-6.2948,PM2.5,9.316
2018,Clare Ennis Drumbiggle Road,52.8432,-8.9893,PM2.5,10.139
2018,Wicklow Bray Wurzburg Road,53.1872,-6.1217,PM2.5,6.161
2018,Wexford Enniscorthy Parnell Road,52.4985,-6.5708,PM2.5,12.907
2018,Cork Cobh Carrignafoy,51.855,-8.2878,PM2.5,8.831
2018,Roscommon Roscommon Town County Council Offices,53.6294,-8.1944,PM2.5,8.831
2018,Carlow Carlow Town County Council Offices,52.8397,-6.9317,PM2.5,8.173
2018,Mayo Claremorris,53.7039,-9.0127,PM2.5,6.345
2018,Dublin Marino Brian Road,53.3682,-6.2279,PM2.5,5.784
2018,Dublin Ballyfermot Library,53.3405,-6.3523,PM2.5,NA
2018,Cork UCC Distillery Fields,51.9001,-8.4864,PM2.5,8.76
2018,Dublin Rathmines Wynnefield Road,53.322,-6.2672,PM2.5,9.435
2018,Dublin Ringsend recycling Centre,53.3419,-6.2141,PM2.5,7.729
2019,Cork Cobh Carrignafoy,51.855,-8.2878,PM2.5,8.401
2019,Clare Ennis Drumbiggle Road,52.8432,-8.9893,PM2.5,16.036
2019,Carlow Carlow Town County Council Offices,52.8397,-6.9317,PM2.5,7.603
2019,Dublin Raheny Saint Anne's Park,53.3688,-6.1726,PM2.5,7.572
2019,Wexford Enniscorthy Parnell Road,52.4985,-6.5708,PM2.5,14.082
2019,Mayo Claremorris,53.7039,-9.0127,PM2.5,4.256
2019,Dublin Dun Laoghaire The Glen,53.2858,-6.1319,PM2.5,9.912
2019,Longford Town Dublin Road Railway,53.7256,-7.7914,PM2.5,8.583
2019,Roscommon Roscommon Town County Council Offices,53.6294,-8.1944,PM2.5,8.595
2019,Wicklow Bray Wurzburg Road,53.1872,-6.1217,PM2.5,6.543
2019,Dublin Marino Brian Road,53.3682,-6.2279,PM2.5,9.323
2019,Dublin Ballyfermot Library,53.3405,-6.3523,PM2.5,9.468
2019,Dublin Phoenix Park Ordnance Survey Road,53.3644,-6.349,PM2.5,7.793
2019,Waterford Waterford City Paddy Brownes Road,52.2471,-7.1516,PM2.5,10.505
2019,Dublin Finglas Mellowes Road,53.3903,-6.3053,PM2.5,8.66
2019,Dublin Inchicore Davitt Road,53.3363,-6.309,PM2.5,10.5
2019,Cork Ballinlough Heatherton Park,51.8819,-8.4571,PM2.5,8.456
2019,Cork UCC Distillery Fields,51.9001,-8.4864,PM2.5,7.924
2019,Dublin Rathmines Wynnefield Road,53.322,-6.2672,PM2.5,10.434
2019,Dublin Ringsend recycling Centre,53.3419,-6.2141,PM2.5,9.672
2019,Dublin Kilmainham St. John's Road West,53.3458,-6.2948,PM2.5,8.483
2020,Clare Ennis Drumbiggle Road,52.8432,-8.9893,PM2.5,14.382
2020,Offaly Birr,53.0945,-7.9085,PM2.5,6.391
2020,Cork Macroom Council Yard,51.9047,-8.9529,PM2.5,10.995
2020,Cork Cobh Carrignafoy,51.855,-8.2878,PM2.5,8.039
2020,Carlow Carlow Town County Council Offices,52.8397,-6.9317,PM2.5,7.23
2020,Donegal Letterkenny Library,54.9545,-7.7352,PM2.5,11.138
2020,Wicklow Bray Wurzburg Road,53.1872,-6.1217,PM2.5,5.184
2020,Dublin Marino Brian Road,53.3682,-6.2279,PM2.5,8.022
2020,Dublin Ringsend recycling Centre,53.3419,-6.2141,PM2.5,7.801
2020,Cork UCC Distillery Fields,51.9001,-8.4864,PM2.5,6.654
2020,Dublin Pearse St.,53.345,-6.2543,PM2.5,7.751
2020,Dublin Blanchardstown River Road,53.3856,-6.3699,PM2.5,7.028
2020,Wexford Wexford Town Opera House,52.3374,-6.4616,PM2.5,8.088
2020,Dublin Inchicore Davitt Road,53.3363,-6.309,PM2.5,8.797
2020,Waterford Waterford City Paddy Brownes Road,52.2471,-7.1516,PM2.5,9.62
2020,Cavan Cavan Town Court House,53.9936,-7.3628,PM2.5,5.987
2020,Roscommon Roscommon Town County Council Offices,53.6294,-8.1944,PM2.5,7.07
2020,Dublin Dun Laoghaire The Glen,53.2858,-6.1319,PM2.5,7.623
2020,Wexford Enniscorthy Parnell Road,52.4985,-6.5708,PM2.5,12.333
2020,Tipperary Town,52.4792,-8.1564,PM2.5,7.943
2020,Westmeath Athlone,53.4248,-7.9377,PM2.5,11.92
2020,Kerry Tralee Library,52.2673,-9.6979,PM2.5,11.742
2020,Longford Town Dublin Road Railway,53.7256,-7.7914,PM2.5,8.544
2020,Tipperary Clonmel,52.3547,-7.6994,PM2.5,7.797
2020,Laois Portlaoise Dublin Road,53.0361,-7.2887,PM2.5,8.281
2020,Mayo Claremorris,53.7039,-9.0127,PM2.5,5.14
2020,Meath Navan,53.6556,-6.6893,PM2.5,8.392
2020,Dublin Tallaght Old Bawn Road,53.2805,-6.3588,PM2.5,6.518
2020,Dublin Ballyfermot Library,53.3405,-6.3523,PM2.5,7.648
2020,Dublin Finglas Mellowes Road,53.3903,-6.3053,PM2.5,7.394
2020,Cork Ballinlough Heatherton Park,51.8819,-8.4571,PM2.5,7.691
2020,Dublin Phoenix Park Ordnance Survey Road,53.3644,-6.349,PM2.5,6.688
2020,Dublin Raheny Saint Anne's Park,53.3688,-6.1726,PM2.5,6.668
2020,Dublin Rathmines Wynnefield Road,53.322,-6.2672,PM2.5,7.562
2020,Dublin Kilmainham St. John's Road West,53.3458,-6.2948,PM2.5,7.189
2020,Limerick Peoples Park,52.6586,-8.6287,PM2.5,8.509
2021,Offaly Birr,53.0945,-7.9085,PM2.5,7.936
2021,Roscommon Roscommon Town County Council Offices,53.6294,-8.1944,PM2.5,7.143
2021,Clare Ennis Drumbiggle Road,52.8432,-8.9893,PM2.5,14.496
2021,Carlow Carlow Town County Council Offices,52.8397,-6.9317,PM2.5,7.016
2021,Wicklow Bray Wurzburg Road,53.1872,-6.1217,PM2.5,5.598
2021,Cork Macroom Council Yard,51.9047,-8.9529,PM2.5,10.091
2021,Dublin Blanchardstown River Road,53.3856,-6.3699,PM2.5,7.709
2021,Cork Ballinlough Heatherton Park,51.8819,-8.4571,PM2.5,7.671
2021,Dublin Ringsend recycling Centre,53.3419,-6.2141,PM2.5,8.183
2021,Dublin Finglas Mellowes Road,53.3903,-6.3053,PM2.5,7.547
2021,Dublin Raheny Saint Anne's Park,53.3688,-6.1726,PM2.5,6.882
2021,Dublin Marino Brian Road,53.3682,-6.2279,PM2.5,7.879
2021,Westmeath Athlone,53.4248,-7.9377,PM2.5,9.179
2021,Dublin Tallaght Old Bawn Road,53.2805,-6.3588,PM2.5,6.421
2021,Wexford Wexford Town Opera House,52.3374,-6.4616,PM2.5,9.516
2021,Donegal Letterkenny Library,54.9545,-7.7352,PM2.5,11.254
2021,Laois Portlaoise Dublin Road,53.0361,-7.2887,PM2.5,8.139
2021,Cork Cobh Carrignafoy,51.855,-8.2878,PM2.5,7.433
2021,Meath Navan,53.6556,-6.6893,PM2.5,8.165
2021,Longford Town Dublin Road Railway,53.7256,-7.7914,PM2.5,9.421
2021,Tipperary Town,52.4792,-8.1564,PM2.5,8.595
2021,Kerry Tralee Library,52.2673,-9.6979,PM2.5,12.653
2021,Dublin Dun Laoghaire The Glen,53.2858,-6.1319,PM2.5,7.476
2021,Cavan Cavan Town Court House,53.9936,-7.3628,PM2.5,7.374
2021,Tipperary Clonmel,52.3547,-7.6994,PM2.5,7.269
2021,Wexford Enniscorthy Parnell Road,52.4985,-6.5708,PM2.5,9.754
2021,Dublin Ballyfermot Library,53.3405,-6.3523,PM2.5,7.808
2021,Waterford Waterford City Paddy Brownes Road,52.2471,-7.1516,PM2.5,9.36
2021,Cork UCC Distillery Fields,51.9001,-8.4864,PM2.5,6.69
2021,Dublin Inchicore Davitt Road,53.3363,-6.309,PM2.5,8.533
2021,Dublin Phoenix Park Ordnance Survey Road,53.3644,-6.349,PM2.5,6.379
2021,Dublin Kilmainham St. John's Road West,53.3458,-6.2948,PM2.5,7.592
2021,Dublin Rathmines Wynnefield Road,53.322,-6.2672,PM2.5,9.331
2021,Dublin Pearse St.,53.345,-6.2543,PM2.5,8.447
2021,Limerick Peoples Park,52.6586,-8.6287,PM2.5,8.789
2022,Tipperary Town,52.4792,-8.1564,PM2.5,9.064
2022,Clare Ennis Drumbiggle Road,52.8432,-8.9893,PM2.5,15.644
2022,Louth Drogheda,53.7322,-6.32,PM2.5,6.91
2022,Mayo Claremorris,53.7039,-9.0127,PM2.5,5.367
2022,Longford Town Dublin Road Railway,53.7256,-7.7914,PM2.5,10.892
2022,Roscommon Roscommon Town County Council Offices,53.6294,-8.1944,PM2.5,7.577
2022,Cork Macroom Council Yard,51.9047,-8.9529,PM2.5,11.033
2022,Donegal Letterkenny Library,54.9545,-7.7352,PM2.5,10.962
2022,Tipperary Clonmel,52.3547,-7.6994,PM2.5,7.288
2022,Wicklow Bray Wurzburg Road,53.1872,-6.1217,PM2.5,5.732
2022,Carlow Carlow Town County Council Offices,52.8397,-6.9317,PM2.5,7.378
2022,Wexford Enniscorthy Parnell Road,52.4985,-6.5708,PM2.5,10.228
2022,Dublin Dublin Airport,53.4344,-6.2304,PM2.5,6.669
2022,Kildare Leixlip,53.3719,-6.4867,PM2.5,7.046
2022,Dublin Blanchardstown River Road,53.3856,-6.3699,PM2.5,7.848
2022,Dublin Dublin Port,53.3527,-6.2039,PM2.5,8.326
2022,Dublin Raheny Saint Anne's Park,53.3688,-6.1726,PM2.5,7.833
2022,Dublin Ballyfermot Library,53.3405,-6.3523,PM2.5,7.529
2022,Cork Lower Glanmire Road,51.9017,-8.4621,PM2.5,NA
2022,Dublin Inchicore Davitt Road,53.3363,-6.309,PM2.5,8.64
2022,Dublin Clonskeagh Road Richview,53.3118,-6.2353,PM2.5,6.998
2022,Offaly Edenderry,53.3425,-7.0475,PM2.5,13.438
2022,Limerick Shannon Estuary Asketon,52.6392,-8.9542,PM2.5,5.476
2022,Cork Cobh Carrignafoy,51.855,-8.2878,PM2.5,7.584
2022,Kerry Killarney,52.0583,-9.5049,PM2.5,5.622
2022,Wicklow Greystones,53.1499,-6.0703,PM2.5,6.87
2022,Louth Dundalk Meadow Grove,54.0031,-6.3926,PM2.5,19.817
2022,Dublin Dun Laoghaire The Glen,53.2858,-6.1319,PM2.5,7.751
2022,Offaly Birr,53.0945,-7.9085,PM2.5,9.493
2022,Laois Portlaoise Dublin Road,53.0361,-7.2887,PM2.5,8.119
2022,Kerry Tralee Library,52.2673,-9.6979,PM2.5,12.889
2022,Leitrim Carrick-on-Shannon,53.9446,-8.0865,PM2.5,6.344
2022,Dublin Tallaght Old Bawn Road,53.2805,-6.3588,PM2.5,6.248
2022,Cork Mallow,52.134,-8.6407,PM2.5,7.47
2022,Cavan Cavan Town Court House,53.9936,-7.3628,PM2.5,7.343
2022,Westmeath Athlone,53.4248,-7.9377,PM2.5,8.931
2022,Meath Navan,53.6556,-6.6893,PM2.5,8.328
2022,Wexford Wexford Town Opera House,52.3374,-6.4616,PM2.5,9.722
2022,Dublin Marino Brian Road,53.3682,-6.2279,PM2.5,8.886
2022,Cork UCC Distillery Fields,51.9001,-8.4864,PM2.5,5.213
2022,Dublin Phoenix Park Ordnance Survey Road,53.3644,-6.349,PM2.5,6.31
2022,Cork Ballinlough Heatherton Park,51.8819,-8.4571,PM2.5,5.409
2022,Dublin Finglas Mellowes Road,53.3903,-6.3053,PM2.5,7.259
2022,Waterford Waterford City Paddy Brownes Road,52.2471,-7.1516,PM2.5,9.877
2022,Dublin Ringsend recycling Centre,53.3419,-6.2141,PM2.5,7.74
2022,Limerick Henry Street,52.6613,-8.6316,PM2.5,8.43
2022,Dublin Pearse St.,53.345,-6.2543,PM2.5,7.794
2022,Limerick Peoples Park,52.6586,-8.6287,PM2.5,9.271
2022,Dublin Kilmainham St. John's Road West,53.3458,-6.2948,PM2.5,8.124
2022,Galway Eyre Square,53.274,-9.0485,PM2.5,NA
2022,Kildare Naas,53.2181,-6.6591,PM2.5,7.511
2022,Dublin Rathmines Wynnefield Road,53.322,-6.2672,PM2.5,7.54
2023,Dublin Swords Watery Lane,53.4638,-6.2235,PM2.5,5.753
2023,Kerry Killarney,52.0583,-9.5049,PM2.5,5.404
2023,Longford Town Dublin Road Railway,53.7256,-7.7914,PM2.5,10.892
2023,Carlow Carlow Town County Council Offices,52.8397,-6.9317,PM2.5,6.494
2023,Meath Navan,53.6556,-6.6893,PM2.5,7.501
2023,Tipperary Clonmel,52.3547,-7.6994,PM2.5,6.057
2023,Dublin Dublin Airport,53.4344,-6.2304,PM2.5,6.179
2023,Dublin Tallaght Old Bawn Road,53.2805,-6.3588,PM2.5,5.898
2023,Dublin Clonskeagh Road Richview,53.3118,-6.2353,PM2.5,6.415
2023,Wexford Enniscorthy Parnell Road,52.4985,-6.5708,PM2.5,9.029
2023,Leitrim Carrick-on-Shannon,53.9446,-8.0865,PM2.5,5.404
2023,Offaly Birr,53.0945,-7.9085,PM2.5,8.285
2023,Louth Drogheda,53.7322,-6.32,PM2.5,6.021
2023,Dublin Marino Brian Road,53.3682,-6.2279,PM2.5,7.2
2023,Dublin Dublin Port,53.3527,-6.2039,PM2.5,7.782
2023,Waterford Waterford City Paddy Brownes Road,52.2471,-7.1516,PM2.5,7.771
2023,Dublin Phoenix Park Ordnance Survey Road,53.3644,-6.349,PM2.5,5.563
2023,Limerick Henry Street,52.6613,-8.6316,PM2.5,6.471
2023,Dublin Inchicore Davitt Road,53.3363,-6.309,PM2.5,6.962
2023,Dublin Ringsend recycling Centre,53.3419,-6.2141,PM2.5,6.616
2023,Galway Briarhill,53.2921,-8.987,PM2.5,7.11
2023,Offaly Edenderry,53.3425,-7.0475,PM2.5,12.448
2023,Cork Mallow,52.134,-8.6407,PM2.5,6.092
2023,Dublin Dun Laoghaire The Glen,53.2858,-6.1319,PM2.5,7.356
2023,Cork Cork Port,51.8306,-8.3209,PM2.5,7.053
2023,Wicklow Bray Wurzburg Road,53.1872,-6.1217,PM2.5,5.732
2023,Limerick Shannon Estuary Asketon,52.6392,-8.9542,PM2.5,4.757
2023,Dublin Lucan,53.3492,-6.4503,PM2.5,6.947
2023,Roscommon Roscommon Town County Council Offices,53.6294,-8.1944,PM2.5,6.405
2023,Cork Cobh Carrignafoy,51.855,-8.2878,PM2.5,6.801
2023,Westmeath Athlone,53.4248,-7.9377,PM2.5,8.271
2023,Cork Clonakilty,51.6225,-8.8892,PM2.5,8.495
2023,Tipperary Town,52.4792,-8.1564,PM2.5,6.713
2023,Donegal Malin Head,55.3722,-7.3389,PM2.5,6.817
2023,Kildare Leixlip,53.3719,-6.4867,PM2.5,6.446
2023,Clare Ennis Drumbiggle Road,52.8432,-8.9893,PM2.5,15.644
2023,Dublin Blanchardstown River Road,53.3856,-6.3699,PM2.5,7.125
2023,Kerry Tralee Library,52.2673,-9.6979,PM2.5,9.982
2023,Wexford Wexford Town Opera House,52.3374,-6.4616,PM2.5,8.372
2023,Mayo Claremorris,53.7039,-9.0127,PM2.5,5.367
2023,Donegal Letterkenny Library,54.9545,-7.7352,PM2.5,9.873
2023,Galway Ballinalsoe,53.3287,-8.2241,PM2.5,10.24
2023,Cork Macroom Council Yard,51.9047,-8.9529,PM2.5,7.334
2023,Wicklow Greystones,53.1499,-6.0703,PM2.5,5.682
2023,Cork Carrigaline,51.8154,-8.3876,PM2.5,7.317
2023,Louth Dundalk Meadow Grove,54.0031,-6.3926,PM2.5,8.881
2023,Cavan Cavan Town Court House,53.9936,-7.3628,PM2.5,6.447
2023,Laois Portlaoise Dublin Road,53.0361,-7.2887,PM2.5,7.415
2023,Cork UCC Distillery Fields,51.9001,-8.4864,PM2.5,NA
2023,Cork Bishopstown MTU,51.8841,-8.533,PM2.5,6.533
2023,Dublin Ballyfermot Library,53.3405,-6.3523,PM2.5,5.898
2023,Dublin Raheny Saint Anne's Park,53.3688,-6.1726,PM2.5,6.521
2023,Cork Ballinlough Heatherton Park,51.8819,-8.4571,PM2.5,5.786
2023,Dublin Finglas Mellowes Road,53.3903,-6.3053,PM2.5,6.555
2023,Wateford Merchants Quay,52.2638,-7.1179,PM2.5,8.372
2023,Dublin Rathmines Wynnefield Road,53.322,-6.2672,PM2.5,7.157
2023,Cork Lower Glanmire Road,51.9017,-8.4621,PM2.5,7.609
2023,Galway Eyre Square,53.274,-9.0485,PM2.5,8.415
2023,Dublin Kilmainham St. John's Road West,53.3458,-6.2948,PM2.5,7.097
2023,Dublin Pearse St.,53.345,-6.2543,PM2.5,7.391
2023,Kildare Naas,53.2181,-6.6591,PM2.5,6.62
2023,Limerick Peoples Park,52.6586,-8.6287,PM2.5,7.15
2024,Wicklow Greystones,53.1499,-6.0703,PM2.5,6.319
2024,Cork Cork Port,51.8306,-8.3209,PM2.5,6.438
2024,Kildare Leixlip,53.3719,-6.4867,PM2.5,6.718
2024,Cork Macroom Council Yard,51.9047,-8.9529,PM2.5,7.987
2024,Kerry Tralee Library,52.2673,-9.6979,PM2.5,11.031
2024,Galway Ballinalsoe,53.3287,-8.2241,PM2.5,9.376
2024,Offaly Edenderry,53.3425,-7.0475,PM2.5,11.996
2024,Dublin Blanchardstown River Road,53.3856,-6.3699,PM2.5,7.278
2024,Kerry Killarney,52.0583,-9.5049,PM2.5,7.01
2024,Westmeath Athlone,53.4248,-7.9377,PM2.5,8.617
2024,Louth Dundalk Meadow Grove,54.0031,-6.3926,PM2.5,8.186
2024,Louth Drogheda,53.7322,-6.32,PM2.5,6.328
2024,Leitrim Carrick-on-Shannon,53.9446,-8.0865,PM2.5,6.029
2024,Wicklow Bray Wurzburg Road,53.1872,-6.1217,PM2.5,5.773
2024,Galway Briarhill,53.2921,-8.987,PM2.5,7.018
2024,Limerick Peoples Park,52.6586,-8.6287,PM2.5,7.974
2024,Dublin Ringsend recycling Centre,53.3419,-6.2141,PM2.5,7.144
2024,Cork Bishopstown MTU,51.8841,-8.533,PM2.5,6.429
2024,Dublin Raheny Saint Anne's Park,53.3688,-6.1726,PM2.5,6.541
2024,Cork Lower Glanmire Road,51.9017,-8.4621,PM2.5,7.789
2024,Dublin Ballyfermot Library,53.3405,-6.3523,PM2.5,7.38
2024,Dublin Dublin Port,53.3527,-6.2039,PM2.5,7.433
2024,Cork Mallow,52.134,-8.6407,PM2.5,6.393
2024,Tipperary Clonmel,52.3547,-7.6994,PM2.5,6.757
2024,Dublin Lucan,53.3492,-6.4503,PM2.5,7.32
2024,Wexford Wexford Town Opera House,52.3374,-6.4616,PM2.5,8.874
2024,Roscommon Roscommon Town County Council Offices,53.6294,-8.1944,PM2.5,6.405
2024,Dublin Dun Laoghaire The Glen,53.2858,-6.1319,PM2.5,7.529
2024,Carlow Carlow Town County Council Offices,52.8397,-6.9317,PM2.5,6.994
2024,Donegal Malin Head,55.3722,-7.3389,PM2.5,7.313
2024,Dublin Clonskeagh Road Richview,53.3118,-6.2353,PM2.5,7.272
2024,Dublin Dublin Airport,53.4344,-6.2304,PM2.5,6.573
2024,Offaly Birr,53.0945,-7.9085,PM2.5,8.305
2024,Limerick Shannon Estuary Asketon,52.6392,-8.9542,PM2.5,4.941
2024,Cork Clonakilty,51.6225,-8.8892,PM2.5,NA
2024,Cork Carrigaline,51.8154,-8.3876,PM2.5,NA
2024,Cavan Cavan Town Court House,53.9936,-7.3628,PM2.5,6.987
2024,Meath Navan,53.6556,-6.6893,PM2.5,7.899
2024,Tipperary Town,52.4792,-8.1564,PM2.5,6.923
2024,Donegal Letterkenny Library,54.9545,-7.7352,PM2.5,10.301
2024,Wexford Enniscorthy Parnell Road,52.4985,-6.5708,PM2.5,9.675
2024,Dublin Swords Watery Lane,53.4638,-6.2235,PM2.5,6.353
2024,Mayo Claremorris,53.7039,-9.0127,PM2.5,5.351
2024,Cork Cobh Carrignafoy,51.855,-8.2878,PM2.5,6.755
2024,Longford Town Dublin Road Railway,53.7256,-7.7914,PM2.5,9.485
2024,Laois Portlaoise Dublin Road,53.0361,-7.2887,PM2.5,8.152
2024,Clare Ennis Drumbiggle Road,52.8432,-8.9893,PM2.5,12.259
2024,Dublin Kilmainham St. John's Road West,53.3458,-6.2948,PM2.5,7.914
2024,Cork Ballinlough Heatherton Park,51.8819,-8.4571,PM2.5,7.187
2024,Galway Eyre Square,53.274,-9.0485,PM2.5,7.702
2024,Dublin Marino Brian Road,53.3682,-6.2279,PM2.5,7.632
2024,Cork UCC Distillery Fields,51.9001,-8.4864,PM2.5,5.52
2024,Limerick Henry Street,52.6613,-8.6316,PM2.5,6.856
2024,Wateford Merchants Quay,52.2638,-7.1179,PM2.5,8.297
2024,Dublin Phoenix Park Ordnance Survey Road,53.3644,-6.349,PM2.5,7.54
2024,Waterford Waterford City Paddy Brownes Road,52.2471,-7.1516,PM2.5,7.489
2024,Dublin Finglas Mellowes Road,53.3903,-6.3053,PM2.5,7.038
2024,Dublin Rathmines Wynnefield Road,53.322,-6.2672,PM2.5,7.794
2024,Dublin Pearse St.,53.345,-6.2543,PM2.5,7.913
2024,Dublin Inchicore Davitt Road,53.3363,-6.309,PM2.5,7.927
2024,Kildare Naas,53.2181,-6.6591,PM2.5,7.135
2024,Dublin Tallaght Old Bawn Road,53.2805,-6.3588,PM2.5,6.223
2025,Dublin Clonskeagh Road Richview,53.3118,-6.2353,PM2.5,9.238
2025,Roscommon Roscommon Town County Council Offices,53.6294,-8.1944,PM2.5,8.752
2025,Dublin Amiens Street,53.3524,-6.249,PM2.5,4.131
2025,Dublin Lucan,53.3492,-6.4503,PM2.5,9.521
2025,Meath Navan,53.6556,-6.6893,PM2.5,9.863
2025,Louth Drogheda,53.7322,-6.32,PM2.5,8.492
2025,Wexford Wexford Town Opera House,52.3374,-6.4616,PM2.5,11.38
2025,Tipperary Clonmel,52.3547,-7.6994,PM2.5,8.448
2025,Dublin Swords Watery Lane,53.4638,-6.2235,PM2.5,8.356
2025,Dublin Dun Laoghaire The Glen,53.2858,-6.1319,PM2.5,9.327
2025,Kildare Leixlip,53.3719,-6.4867,PM2.5,8.806
2025,Limerick Peoples Park,52.6586,-8.6287,PM2.5,8.653
2025,Dublin Ballyfermot Library,53.3405,-6.3523,PM2.5,9.528
2025,Limerick Henry Street,52.6613,-8.6316,PM2.5,8.013
2025,Laois Portlaoise Dublin Road,53.0361,-7.2887,PM2.5,9.711
2025,Dublin Blanchardstown River Road,53.3856,-6.3699,PM2.5,7.966
2025,Cork Clonakilty,51.6225,-8.8892,PM2.5,NA
2025,Carlow Carlow Town County Council Offices,52.8397,-6.9317,PM2.5,8.96
2025,Cork Mallow,52.134,-8.6407,PM2.5,7.534
2025,Westmeath Athlone,53.4248,-7.9377,PM2.5,9.108
2025,Dublin Dublin Airport,53.4344,-6.2304,PM2.5,7.804
2025,Cork Macroom Council Yard,51.9047,-8.9529,PM2.5,9.691
2025,Sligo Sligo Town,54.2673,-8.4804,PM2.5,4.149
2025,Kerry Tralee Library,52.2673,-9.6979,PM2.5,11.931
2025,Offaly Birr,53.0945,-7.9085,PM2.5,9.101
2025,Clare Ennis Drumbiggle Road,52.8432,-8.9893,PM2.5,13.406
2025,Donegal Malin Head,55.3722,-7.3389,PM2.5,8.843
2025,Wicklow Greystones,53.1499,-6.0703,PM2.5,7.875
2025,Cork Cobh Carrignafoy,51.855,-8.2878,PM2.5,8.315
2025,Dublin Tallaght Old Bawn Road,53.2805,-6.3588,PM2.5,7.495
2025,Louth Dundalk Meadow Grove,54.0031,-6.3926,PM2.5,10.37
2025,Offaly Edenderry,53.3425,-7.0475,PM2.5,12.387
2025,Limerick Shannon Estuary Asketon,52.6392,-8.9542,PM2.5,5.873
2025,Cork Carrigaline,51.8154,-8.3876,PM2.5,NA
2025,Galway Ballinalsoe,53.3287,-8.2241,PM2.5,11.138
2025,Tipperary Town,52.4792,-8.1564,PM2.5,10.463
2025,Leitrim Carrick-on-Shannon,53.9446,-8.0865,PM2.5,7.635
2025,Cork Cork Port,51.8306,-8.3209,PM2.5,NA
2025,Wexford Enniscorthy Parnell Road,52.4985,-6.5708,PM2.5,11.356
2025,Kerry Killarney,52.0583,-9.5049,PM2.5,7.721
2025,Longford Town Dublin Road Railway,53.7256,-7.7914,PM2.5,10.255
2025,Wicklow Bray Wurzburg Road,53.1872,-6.1217,PM2.5,7.311
2025,Cavan Cavan Town Court House,53.9936,-7.3628,PM2.5,8.314
2025,Mayo Claremorris,53.7039,-9.0127,PM2.5,7.026
2025,Donegal Letterkenny Library,54.9545,-7.7352,PM2.5,10.698
2025,Cork UCC Distillery Fields,51.9001,-8.4864,PM2.5,8.866
2025,Cork Bishopstown MTU,51.8841,-8.533,PM2.5,8.342
2025,Cork Lower Glanmire Road,51.9017,-8.4621,PM2.5,9.209
2025,Dublin Marino Brian Road,53.3682,-6.2279,PM2.5,11.385
2025,Galway Briarhill,53.2921,-8.987,PM2.5,7.559
2025,Dublin Phoenix Park Ordnance Survey Road,53.3644,-6.349,PM2.5,8.343
2025,Dublin Finglas Mellowes Road,53.3903,-6.3053,PM2.5,8.683
2025,Dublin Ringsend recycling Centre,53.3419,-6.2141,PM2.5,9.228
2025,Dublin Raheny Saint Anne's Park,53.3688,-6.1726,PM2.5,8.314
2025,Wateford Merchants Quay,52.2638,-7.1179,PM2.5,9.3
2025,Dublin Kilmainham St. John's Road West,53.3458,-6.2948,PM2.5,10.201
2025,Dublin Winetavern Street,53.3417,-6.2889,PM2.5,2.9
2025,Dublin Rathmines Wynnefield Road,53.322,-6.2672,PM2.5,9.9
2025,Waterford Waterford City Paddy Brownes Road,52.2471,-7.1516,PM2.5,11.246
2025,Dublin Pearse St.,53.345,-6.2543,PM2.5,9.59
2025,Dublin Inchicore Davitt Road,53.3363,-6.309,PM2.5,10.918
2025,Dublin Dublin Port,53.3527,-6.2039,PM2.5,8.761
2025,Cork Ballinlough Heatherton Park,51.8819,-8.4571,PM2.5,8.574
2025,Galway Eyre Square,53.274,-9.0485,PM2.5,8.746
2025,Kildare Naas,53.2181,-6.6591,PM2.5,8.263
